{
  "artifacts": [],
  "command": "my_main",
  "experiment": {
    "base_dir": "/home/hp/masia/masia/src",
    "dependencies": [
      "numpy==1.24.4",
      "PyYAML==5.4.1",
      "sacred==0.8.4",
      "torch==2.1.0+cu118"
    ],
    "mainfile": "main.py",
    "name": "pymarl",
    "repositories": [
      {
        "commit": "f6e23bce37ea00df8d4b568d4de043fccfdacdab",
        "dirty": true,
        "url": "https://github.com/chenf-ai/Multi-Agent-Communication-Considering-Representation-Learning.git"
      },
      {
        "commit": "f6e23bce37ea00df8d4b568d4de043fccfdacdab",
        "dirty": true,
        "url": "https://github.com/chenf-ai/Multi-Agent-Communication-Considering-Representation-Learning.git"
      },
      {
        "commit": "f6e23bce37ea00df8d4b568d4de043fccfdacdab",
        "dirty": true,
        "url": "https://github.com/chenf-ai/Multi-Agent-Communication-Considering-Representation-Learning.git"
      },
      {
        "commit": "f6e23bce37ea00df8d4b568d4de043fccfdacdab",
        "dirty": true,
        "url": "https://github.com/chenf-ai/Multi-Agent-Communication-Considering-Representation-Learning.git"
      }
    ],
    "sources": [
      [
        "main.py",
        "_sources/main_543746f93e4154385cf2b5624dad0b7e.py"
      ],
      [
        "msra_run.py",
        "_sources/msra_run_38297b6b7973b90ec2fc159b92f9971f.py"
      ],
      [
        "run.py",
        "_sources/run_0a98792e111bf864becce80676f535b9.py"
      ],
      [
        "utils/logging.py",
        "_sources/logging_8309e899ab76a4e610428ba7ee8d8acb.py"
      ]
    ]
  },
  "fail_trace": [
    "Traceback (most recent call last):\n",
    "  File \"/home/hp/anaconda3/envs/masia/lib/python3.8/site-packages/sacred/config/captured_function.py\", line 42, in captured_function\n    result = wrapped(*args, **kwargs)\n",
    "  File \"src/main.py\", line 40, in my_main\n    msra_run(_run, config, _log)\n",
    "  File \"/home/hp/masia/masia/src/msra_run.py\", line 130, in msra_run\n    run_sequential(args=args, logger=logger)\n",
    "  File \"/home/hp/masia/masia/src/msra_run.py\", line 185, in run_sequential\n    runner = r_REGISTRY[args.runner](args=args, logger=logger)\n",
    "  File \"/home/hp/masia/masia/src/runners/episode_runner.py\", line 15, in __init__\n    self.env = env_REGISTRY[self.args.env](**self.args.env_args)\n",
    "  File \"/home/hp/masia/masia/src/envs/__init__.py\", line 16, in env_fn\n    return env(**kwargs)\n",
    "  File \"/home/hp/smac/smac/env/starcraft2/starcraft2.py\", line 198, in __init__\n    map_params = get_map_params(self.map_name)\n",
    "  File \"/home/hp/smac/smac/env/starcraft2/maps/__init__.py\", line 10, in get_map_params\n    return map_param_registry[map_name]\n",
    "KeyError: '1o10b_vs_1r'\n"
  ],
  "heartbeat": "2023-10-26T10:29:11.363781",
  "host": {
    "ENV": {},
    "cpu": "AMD Ryzen 9 7945HX with Radeon Graphics",
    "gpus": {
      "driver_version": "536.45",
      "gpus": [
        {
          "model": "NVIDIA GeForce RTX 4080 Laptop GPU",
          "persistence_mode": true,
          "total_memory": 12282
        }
      ]
    },
    "hostname": "Zenmaster",
    "os": [
      "Linux",
      "Linux-5.10.16.3-microsoft-standard-WSL2-x86_64-with-glibc2.17"
    ],
    "python_version": "3.8.18"
  },
  "meta": {
    "command": "my_main",
    "config_updates": {
      "env_args": {
        "map_name": "1o10b_vs_1r"
      }
    },
    "named_configs": [],
    "options": {
      "--beat-interval": null,
      "--capture": null,
      "--comment": null,
      "--debug": false,
      "--enforce_clean": false,
      "--file_storage": null,
      "--force": false,
      "--help": false,
      "--id": null,
      "--loglevel": null,
      "--mongo_db": null,
      "--name": null,
      "--pdb": false,
      "--print-config": false,
      "--priority": null,
      "--queue": false,
      "--s3": null,
      "--sql": null,
      "--tiny_db": null,
      "--unobserved": false,
      "COMMAND": null,
      "UPDATE": [
        "env_args.map_name=1o10b_vs_1r"
      ],
      "help": false,
      "with": true
    }
  },
  "resources": [],
  "result": null,
  "start_time": "2023-10-26T10:29:11.352733",
  "status": "FAILED",
  "stop_time": "2023-10-26T10:29:11.364527"
}