{
  "battle_won_mean": [
    0.0,
    0.0
  ],
  "battle_won_mean_T": [
    56,
    10152
  ],
  "dead_allies_mean": [
    5.0,
    4.380952380952381
  ],
  "dead_allies_mean_T": [
    56,
    10152
  ],
  "dead_enemies_mean": [
    0.0,
    0.0
  ],
  "dead_enemies_mean_T": [
    56,
    10152
  ],
  "ep_length_mean": [
    56.0,
    96.15238095238095
  ],
  "ep_length_mean_T": [
    56,
    10152
  ],
  "epsilon": [
    1.0,
    0.8099620000000001
  ],
  "epsilon_T": [
    56,
    10152
  ],
  "grad_norm": [
    4.398273944854736,
    0.48932933807373047
  ],
  "grad_norm_T": [
    3366,
    13492
  ],
  "model_loss": [
    0.9129832983016968,
    0.002085556974634528
  ],
  "model_loss_T": [
    3366,
    13492
  ],
  "q_taken_mean": [
    -0.03607617274537656,
    0.017017771332547935
  ],
  "q_taken_mean_T": [
    3366,
    13492
  ],
  "repr_loss": [
    1.0861150026321411,
    0.10143382847309113
  ],
  "repr_loss_T": [
    3366,
    13492
  ],
  "return_mean": [
    {
      "dtype": "float64",
      "py/object": "numpy.float64",
      "value": 1.869223151408453
    },
    {
      "dtype": "float64",
      "py/object": "numpy.float64",
      "value": 3.0839001456656554
    }
  ],
  "return_mean_T": [
    56,
    10152
  ],
  "return_std": [
    {
      "dtype": "float64",
      "py/object": "numpy.float64",
      "value": 0.0
    },
    {
      "dtype": "float64",
      "py/object": "numpy.float64",
      "value": 1.2606424604704367
    }
  ],
  "return_std_T": [
    56,
    10152
  ],
  "rew_pred_loss": [
    0.01861220970749855,
    0.024624694138765335
  ],
  "rew_pred_loss_T": [
    3366,
    13492
  ],
  "rl_loss": [
    1.4241442680358887,
    0.7029345631599426
  ],
  "rl_loss_T": [
    3366,
    13492
  ],
  "target_mean": [
    -0.00623257524260296,
    0.015890900249956718
  ],
  "target_mean_T": [
    3366,
    13492
  ],
  "td_error_abs": [
    0.44492148333054815,
    0.3823671631535665
  ],
  "td_error_abs_T": [
    3366,
    13492
  ],
  "test_battle_won_mean": [
    0.02
  ],
  "test_battle_won_mean_T": [
    56
  ],
  "test_dead_allies_mean": [
    3.82
  ],
  "test_dead_allies_mean_T": [
    56
  ],
  "test_dead_enemies_mean": [
    0.02
  ],
  "test_dead_enemies_mean_T": [
    56
  ],
  "test_ep_length_mean": [
    117.96
  ],
  "test_ep_length_mean_T": [
    56
  ],
  "test_return_mean": [
    {
      "dtype": "float64",
      "py/object": "numpy.float64",
      "value": 7.995267798195405
    }
  ],
  "test_return_mean_T": [
    56
  ],
  "test_return_std": [
    {
      "dtype": "float64",
      "py/object": "numpy.float64",
      "value": 2.976605017972134
    }
  ],
  "test_return_std_T": [
    56
  ],
  "tot_loss": [
    2.5102591514587402,
    0.8043683767318726
  ],
  "tot_loss_T": [
    3366,
    13492
  ],
  "vae_loss": [
    0.1545194685459137,
    0.07472357898950577
  ],
  "vae_loss_T": [
    3366,
    13492
  ]
}