{
  "battle_won_mean": {
    "steps": [
      56,
      10152
    ],
    "timestamps": [
      "2023-11-28T17:02:03.597430",
      "2023-11-28T17:07:28.815502"
    ],
    "values": [
      0.0,
      0.0
    ]
  },
  "dead_allies_mean": {
    "steps": [
      56,
      10152
    ],
    "timestamps": [
      "2023-11-28T17:02:03.597346",
      "2023-11-28T17:07:28.815431"
    ],
    "values": [
      5.0,
      4.380952380952381
    ]
  },
  "dead_enemies_mean": {
    "steps": [
      56,
      10152
    ],
    "timestamps": [
      "2023-11-28T17:02:03.597508",
      "2023-11-28T17:07:28.815568"
    ],
    "values": [
      0.0,
      0.0
    ]
  },
  "ep_length_mean": {
    "steps": [
      56,
      10152
    ],
    "timestamps": [
      "2023-11-28T17:02:03.597584",
      "2023-11-28T17:07:28.815632"
    ],
    "values": [
      56.0,
      96.15238095238095
    ]
  },
  "epsilon": {
    "steps": [
      56,
      10152
    ],
    "timestamps": [
      "2023-11-28T17:02:03.597660",
      "2023-11-28T17:07:28.815696"
    ],
    "values": [
      1.0,
      0.8099620000000001
    ]
  },
  "grad_norm": {
    "steps": [
      3366,
      13492
    ],
    "timestamps": [
      "2023-11-28T17:04:35.456783",
      "2023-11-28T17:08:59.121930"
    ],
    "values": [
      4.398273944854736,
      0.48932933807373047
    ]
  },
  "model_loss": {
    "steps": [
      3366,
      13492
    ],
    "timestamps": [
      "2023-11-28T17:04:34.349286",
      "2023-11-28T17:08:58.157037"
    ],
    "values": [
      0.9129832983016968,
      0.002085556974634528
    ]
  },
  "q_taken_mean": {
    "steps": [
      3366,
      13492
    ],
    "timestamps": [
      "2023-11-28T17:04:35.457828",
      "2023-11-28T17:08:59.125126"
    ],
    "values": [
      -0.03607617274537656,
      0.017017771332547935
    ]
  },
  "repr_loss": {
    "steps": [
      3366,
      13492
    ],
    "timestamps": [
      "2023-11-28T17:04:34.349023",
      "2023-11-28T17:08:58.156831"
    ],
    "values": [
      1.0861150026321411,
      0.10143382847309113
    ]
  },
  "return_mean": {
    "steps": [
      56,
      10152
    ],
    "timestamps": [
      "2023-11-28T17:02:03.596840",
      "2023-11-28T17:07:28.815035"
    ],
    "values": [
      1.869223151408453,
      3.0839001456656554
    ]
  },
  "return_std": {
    "steps": [
      56,
      10152
    ],
    "timestamps": [
      "2023-11-28T17:02:03.597241",
      "2023-11-28T17:07:28.815344"
    ],
    "values": [
      0.0,
      1.2606424604704367
    ]
  },
  "rew_pred_loss": {
    "steps": [
      3366,
      13492
    ],
    "timestamps": [
      "2023-11-28T17:04:34.349377",
      "2023-11-28T17:08:58.157113"
    ],
    "values": [
      0.01861220970749855,
      0.024624694138765335
    ]
  },
  "rl_loss": {
    "steps": [
      3366,
      13492
    ],
    "timestamps": [
      "2023-11-28T17:04:35.456553",
      "2023-11-28T17:08:59.121740"
    ],
    "values": [
      1.4241442680358887,
      0.7029345631599426
    ]
  },
  "target_mean": {
    "steps": [
      3366,
      13492
    ],
    "timestamps": [
      "2023-11-28T17:04:35.458243",
      "2023-11-28T17:08:59.126153"
    ],
    "values": [
      -0.00623257524260296,
      0.015890900249956718
    ]
  },
  "td_error_abs": {
    "steps": [
      3366,
      13492
    ],
    "timestamps": [
      "2023-11-28T17:04:35.457402",
      "2023-11-28T17:08:59.123940"
    ],
    "values": [
      0.44492148333054815,
      0.3823671631535665
    ]
  },
  "test_battle_won_mean": {
    "steps": [
      56
    ],
    "timestamps": [
      "2023-11-28T17:03:59.846646"
    ],
    "values": [
      0.02
    ]
  },
  "test_dead_allies_mean": {
    "steps": [
      56
    ],
    "timestamps": [
      "2023-11-28T17:03:59.846557"
    ],
    "values": [
      3.82
    ]
  },
  "test_dead_enemies_mean": {
    "steps": [
      56
    ],
    "timestamps": [
      "2023-11-28T17:03:59.846729"
    ],
    "values": [
      0.02
    ]
  },
  "test_ep_length_mean": {
    "steps": [
      56
    ],
    "timestamps": [
      "2023-11-28T17:03:59.846810"
    ],
    "values": [
      117.96
    ]
  },
  "test_return_mean": {
    "steps": [
      56
    ],
    "timestamps": [
      "2023-11-28T17:03:59.845870"
    ],
    "values": [
      7.995267798195405
    ]
  },
  "test_return_std": {
    "steps": [
      56
    ],
    "timestamps": [
      "2023-11-28T17:03:59.846443"
    ],
    "values": [
      2.976605017972134
    ]
  },
  "tot_loss": {
    "steps": [
      3366,
      13492
    ],
    "timestamps": [
      "2023-11-28T17:04:35.456697",
      "2023-11-28T17:08:59.121852"
    ],
    "values": [
      2.5102591514587402,
      0.8043683767318726
    ]
  },
  "vae_loss": {
    "steps": [
      3366,
      13492
    ],
    "timestamps": [
      "2023-11-28T17:04:34.349185",
      "2023-11-28T17:08:58.156957"
    ],
    "values": [
      0.1545194685459137,
      0.07472357898950577
    ]
  }
}