{
  "battle_won_mean": [
    0.0,
    0.0,
    0.0,
    0.0,
    0.015
  ],
  "battle_won_mean_T": [
    53,
    10096,
    20105,
    30163,
    40191
  ],
  "dead_allies_mean": [
    5.0,
    5.0,
    4.98984771573604,
    4.979695431472082,
    4.94
  ],
  "dead_allies_mean_T": [
    53,
    10096,
    20105,
    30163,
    40191
  ],
  "dead_enemies_mean": [
    0.0,
    0.0425531914893617,
    0.20304568527918782,
    0.8071065989847716,
    1.265
  ],
  "dead_enemies_mean_T": [
    53,
    10096,
    20105,
    30163,
    40191
  ],
  "ep_length_mean": [
    53.0,
    53.420212765957444,
    50.807106598984774,
    51.055837563451774,
    50.14
  ],
  "ep_length_mean_T": [
    53,
    10096,
    20105,
    30163,
    40191
  ],
  "episode": [
    980
  ],
  "episode_T": [
    50019
  ],
  "epsilon": [
    1.0,
    0.809145,
    0.618841,
    0.4282330000000001,
    0.23732100000000012
  ],
  "epsilon_T": [
    53,
    10096,
    20105,
    30163,
    40191
  ],
  "grad_norm": [
    6.05077600479126,
    1.9856109619140625,
    2.269867181777954,
    2.0975804328918457,
    2.723194122314453
  ],
  "grad_norm_T": [
    1690,
    11716,
    21797,
    31809,
    41815
  ],
  "model_loss": [
    1.495985507965088,
    0.00457125436514616,
    0.007063981145620346,
    0.022185377776622772,
    0.04750837758183479
  ],
  "model_loss_T": [
    1690,
    11716,
    21797,
    31809,
    41815
  ],
  "q_taken_mean": [
    0.010138717741655881,
    0.07448679190672404,
    0.2872567891661858,
    0.580250148855255,
    0.817129452985408
  ],
  "q_taken_mean_T": [
    1690,
    11716,
    21797,
    31809,
    41815
  ],
  "repr_loss": [
    1.7893651723861694,
    0.12235389649868011,
    0.12012697756290436,
    0.14835871756076813,
    0.1713724136352539
  ],
  "repr_loss_T": [
    1690,
    11716,
    21797,
    31809,
    41815
  ],
  "return_mean": [
    {
      "dtype": "float64",
      "py/object": "numpy.float64",
      "value": 2.8161764705882346
    },
    {
      "dtype": "float64",
      "py/object": "numpy.float64",
      "value": 4.328301001251563
    },
    {
      "dtype": "float64",
      "py/object": "numpy.float64",
      "value": 5.151948342788891
    },
    {
      "dtype": "float64",
      "py/object": "numpy.float64",
      "value": 6.732046879665571
    },
    {
      "dtype": "float64",
      "py/object": "numpy.float64",
      "value": 8.122867647058824
    }
  ],
  "return_mean_T": [
    53,
    10096,
    20105,
    30163,
    40191
  ],
  "return_std": [
    {
      "dtype": "float64",
      "py/object": "numpy.float64",
      "value": 0.0
    },
    {
      "dtype": "float64",
      "py/object": "numpy.float64",
      "value": 0.9618618247395757
    },
    {
      "dtype": "float64",
      "py/object": "numpy.float64",
      "value": 1.1618355599763788
    },
    {
      "dtype": "float64",
      "py/object": "numpy.float64",
      "value": 1.595228042194921
    },
    {
      "dtype": "float64",
      "py/object": "numpy.float64",
      "value": 2.550559681697906
    }
  ],
  "return_std_T": [
    53,
    10096,
    20105,
    30163,
    40191
  ],
  "rew_pred_loss": [
    0.05311473459005356,
    0.04890797287225723,
    0.0485285222530365,
    0.059387750923633575,
    0.06125618517398834
  ],
  "rew_pred_loss_T": [
    1690,
    11716,
    21797,
    31809,
    41815
  ],
  "rl_loss": [
    1.4441111087799072,
    0.7434491515159607,
    0.6553718447685242,
    0.8357357978820801,
    0.8186651468276978
  ],
  "rl_loss_T": [
    1690,
    11716,
    21797,
    31809,
    41815
  ],
  "target_mean": [
    0.07164328309911243,
    0.0605242984019472,
    0.27667655438545874,
    0.585314948909035,
    0.8070103693604824
  ],
  "target_mean_T": [
    1690,
    11716,
    21797,
    31809,
    41815
  ],
  "td_error_abs": [
    0.7238593287721894,
    0.6067764834178092,
    0.5889339986317982,
    0.6708705271396742,
    0.6725892458308517
  ],
  "td_error_abs_T": [
    1690,
    11716,
    21797,
    31809,
    41815
  ],
  "test_battle_won_mean": [
    0.0
  ],
  "test_battle_won_mean_T": [
    53
  ],
  "test_dead_allies_mean": [
    3.16
  ],
  "test_dead_allies_mean_T": [
    53
  ],
  "test_dead_enemies_mean": [
    0.0
  ],
  "test_dead_enemies_mean_T": [
    53
  ],
  "test_ep_length_mean": [
    119.34
  ],
  "test_ep_length_mean_T": [
    53
  ],
  "test_return_mean": [
    {
      "dtype": "float64",
      "py/object": "numpy.float64",
      "value": 0.0
    }
  ],
  "test_return_mean_T": [
    53
  ],
  "test_return_std": [
    {
      "dtype": "float64",
      "py/object": "numpy.float64",
      "value": 0.0
    }
  ],
  "test_return_std_T": [
    53
  ],
  "tot_loss": [
    3.233476161956787,
    0.865803062915802,
    0.7754988074302673,
    0.984094500541687,
    0.9900375604629517
  ],
  "tot_loss_T": [
    1690,
    11716,
    21797,
    31809,
    41815
  ],
  "vae_loss": [
    0.240264892578125,
    0.06887467205524445,
    0.06453447043895721,
    0.06678558886051178,
    0.06260785460472107
  ],
  "vae_loss_T": [
    1690,
    11716,
    21797,
    31809,
    41815
  ]
}