{
  "battle_won_mean": {
    "steps": [
      20
    ],
    "timestamps": [
      "2023-12-19T10:37:03.961582"
    ],
    "values": [
      0.0
    ]
  },
  "ep_length_mean": {
    "steps": [
      20
    ],
    "timestamps": [
      "2023-12-19T10:37:03.961650"
    ],
    "values": [
      20.0
    ]
  },
  "epsilon": {
    "steps": [
      20
    ],
    "timestamps": [
      "2023-12-19T10:37:03.961721"
    ],
    "values": [
      1.0
    ]
  },
  "grad_norm": {
    "steps": [
      272
    ],
    "timestamps": [
      "2023-12-19T10:37:16.987515"
    ],
    "values": [
      4268.2333984375
    ]
  },
  "inverse_model_loss": {
    "steps": [
      272
    ],
    "timestamps": [
      "2023-12-19T10:37:16.593271"
    ],
    "values": [
      8.034257888793945
    ]
  },
  "model_loss": {
    "steps": [
      272
    ],
    "timestamps": [
      "2023-12-19T10:37:16.593103"
    ],
    "values": [
      1.100428581237793
    ]
  },
  "q_taken_mean": {
    "steps": [
      272
    ],
    "timestamps": [
      "2023-12-19T10:37:16.988214"
    ],
    "values": [
      4.546240413890166
    ]
  },
  "repr_loss": {
    "steps": [
      272
    ],
    "timestamps": [
      "2023-12-19T10:37:16.592878"
    ],
    "values": [
      34.08877182006836
    ]
  },
  "return_mean": {
    "steps": [
      20
    ],
    "timestamps": [
      "2023-12-19T10:37:03.961019"
    ],
    "values": [
      0.0
    ]
  },
  "return_std": {
    "steps": [
      20
    ],
    "timestamps": [
      "2023-12-19T10:37:03.961499"
    ],
    "values": [
      0.0
    ]
  },
  "rew_pred_loss": {
    "steps": [
      272
    ],
    "timestamps": [
      "2023-12-19T10:37:16.593189"
    ],
    "values": [
      0.0023373537696897984
    ]
  },
  "rl_loss": {
    "steps": [
      272
    ],
    "timestamps": [
      "2023-12-19T10:37:16.987311"
    ],
    "values": [
      191.47811889648438
    ]
  },
  "target_mean": {
    "steps": [
      272
    ],
    "timestamps": [
      "2023-12-19T10:37:16.988460"
    ],
    "values": [
      6.6180518655216
    ]
  },
  "td_error_abs": {
    "steps": [
      272
    ],
    "timestamps": [
      "2023-12-19T10:37:16.988002"
    ],
    "values": [
      11.430940515854779
    ]
  },
  "test_battle_won_mean": {
    "steps": [
      20
    ],
    "timestamps": [
      "2023-12-19T10:37:14.600059"
    ],
    "values": [
      0.0
    ]
  },
  "test_ep_length_mean": {
    "steps": [
      20
    ],
    "timestamps": [
      "2023-12-19T10:37:14.600199"
    ],
    "values": [
      20.0
    ]
  },
  "test_return_mean": {
    "steps": [
      20
    ],
    "timestamps": [
      "2023-12-19T10:37:14.599313"
    ],
    "values": [
      0.0
    ]
  },
  "test_return_std": {
    "steps": [
      20
    ],
    "timestamps": [
      "2023-12-19T10:37:14.599894"
    ],
    "values": [
      0.0
    ]
  },
  "tot_loss": {
    "steps": [
      272
    ],
    "timestamps": [
      "2023-12-19T10:37:16.987434"
    ],
    "values": [
      225.56689453125
    ]
  },
  "vae_loss": {
    "steps": [
      272
    ],
    "timestamps": [
      "2023-12-19T10:37:16.593011"
    ],
    "values": [
      24.95174789428711
    ]
  }
}