{
  "artifacts": [],
  "command": "my_main",
  "experiment": {
    "base_dir": "/root/autodl-tmp/code/masia/src",
    "dependencies": [
      "munch==2.5.0",
      "numpy==1.21.6",
      "PyYAML==5.3.1",
      "sacred==0.8.2",
      "torch==1.13.1"
    ],
    "mainfile": "main.py",
    "name": "pymarl",
    "repositories": [
      {
        "commit": "f6e23bce37ea00df8d4b568d4de043fccfdacdab",
        "dirty": true,
        "url": "https://github.com/chenf-ai/Multi-Agent-Communication-Considering-Representation-Learning.git"
      },
      {
        "commit": "f6e23bce37ea00df8d4b568d4de043fccfdacdab",
        "dirty": true,
        "url": "https://github.com/chenf-ai/Multi-Agent-Communication-Considering-Representation-Learning.git"
      },
      {
        "commit": "f6e23bce37ea00df8d4b568d4de043fccfdacdab",
        "dirty": true,
        "url": "https://github.com/chenf-ai/Multi-Agent-Communication-Considering-Representation-Learning.git"
      },
      {
        "commit": "f6e23bce37ea00df8d4b568d4de043fccfdacdab",
        "dirty": true,
        "url": "https://github.com/chenf-ai/Multi-Agent-Communication-Considering-Representation-Learning.git"
      }
    ],
    "sources": [
      [
        "main.py",
        "_sources/main_543746f93e4154385cf2b5624dad0b7e.py"
      ],
      [
        "msra_run.py",
        "_sources/msra_run_38297b6b7973b90ec2fc159b92f9971f.py"
      ],
      [
        "run.py",
        "_sources/run_0a98792e111bf864becce80676f535b9.py"
      ],
      [
        "utils/logging.py",
        "_sources/logging_8309e899ab76a4e610428ba7ee8d8acb.py"
      ]
    ]
  },
  "heartbeat": "2023-08-10T05:55:59.011446",
  "host": {
    "ENV": {},
    "cpu": "Intel(R) Xeon(R) Platinum 8255C CPU @ 2.50GHz",
    "gpus": {
      "driver_version": "525.89.02",
      "gpus": [
        {
          "model": "NVIDIA GeForce RTX 2080 Ti",
          "persistence_mode": true,
          "total_memory": 11264
        }
      ]
    },
    "hostname": "autodl-container-28ce11b552-ab972d85",
    "os": [
      "Linux",
      "Linux-5.4.0-139-generic-x86_64-with-debian-bullseye-sid"
    ],
    "python_version": "3.7.16"
  },
  "meta": {
    "command": "my_main",
    "options": {
      "--beat-interval": null,
      "--capture": null,
      "--comment": null,
      "--debug": false,
      "--enforce_clean": false,
      "--file_storage": null,
      "--force": false,
      "--help": false,
      "--loglevel": null,
      "--mongo_db": null,
      "--name": null,
      "--pdb": false,
      "--print-config": false,
      "--priority": null,
      "--queue": false,
      "--s3": null,
      "--sql": null,
      "--tiny_db": null,
      "--unobserved": false,
      "COMMAND": null,
      "UPDATE": [],
      "help": false,
      "with": false
    }
  },
  "resources": [],
  "result": null,
  "start_time": "2023-08-09T17:23:07.568893",
  "status": "COMPLETED",
  "stop_time": "2023-08-10T05:55:58.990789"
}