{
  "battle_won_mean": [
    0.0
  ],
  "battle_won_mean_T": [
    1
  ],
  "ep_length_mean": [
    1.0
  ],
  "ep_length_mean_T": [
    1
  ],
  "epsilon": [
    1.0
  ],
  "epsilon_T": [
    1
  ],
  "grad_norm": [
    5820.3701171875
  ],
  "grad_norm_T": [
    250
  ],
  "inverse_model_loss": [
    8.031767845153809
  ],
  "inverse_model_loss_T": [
    250
  ],
  "model_loss": [
    1.7352365255355835
  ],
  "model_loss_T": [
    250
  ],
  "q_taken_mean": [
    4.92989111328125
  ],
  "q_taken_mean_T": [
    250
  ],
  "repr_loss": [
    34.12388610839844
  ],
  "repr_loss_T": [
    250
  ],
  "return_mean": [
    {
      "dtype": "float64",
      "py/object": "numpy.float64",
      "value": 0.0
    }
  ],
  "return_mean_T": [
    1
  ],
  "return_std": [
    {
      "dtype": "float64",
      "py/object": "numpy.float64",
      "value": 0.0
    }
  ],
  "return_std_T": [
    1
  ],
  "rew_pred_loss": [
    0.0011759675107896328
  ],
  "rew_pred_loss_T": [
    250
  ],
  "rl_loss": [
    250.47731018066406
  ],
  "rl_loss_T": [
    250
  ],
  "target_mean": [
    6.69434765625
  ],
  "target_mean_T": [
    250
  ],
  "td_error_abs": [
    12.3463837890625
  ],
  "td_error_abs_T": [
    250
  ],
  "test_battle_won_mean": [
    0.0
  ],
  "test_battle_won_mean_T": [
    1
  ],
  "test_ep_length_mean": [
    20.0
  ],
  "test_ep_length_mean_T": [
    1
  ],
  "test_return_mean": [
    {
      "dtype": "float64",
      "py/object": "numpy.float64",
      "value": 0.0
    }
  ],
  "test_return_mean_T": [
    1
  ],
  "test_return_std": [
    {
      "dtype": "float64",
      "py/object": "numpy.float64",
      "value": 0.0
    }
  ],
  "test_return_std_T": [
    1
  ],
  "tot_loss": [
    284.6011962890625
  ],
  "tot_loss_T": [
    250
  ],
  "vae_loss": [
    24.355703353881836
  ],
  "vae_loss_T": [
    250
  ]
}