{
  "battle_won_mean": {
    "steps": [
      1
    ],
    "timestamps": [
      "2023-12-19T10:40:09.326335"
    ],
    "values": [
      0.0
    ]
  },
  "ep_length_mean": {
    "steps": [
      1
    ],
    "timestamps": [
      "2023-12-19T10:40:09.326403"
    ],
    "values": [
      1.0
    ]
  },
  "epsilon": {
    "steps": [
      1
    ],
    "timestamps": [
      "2023-12-19T10:40:09.326471"
    ],
    "values": [
      1.0
    ]
  },
  "grad_norm": {
    "steps": [
      250
    ],
    "timestamps": [
      "2023-12-19T10:40:22.732111"
    ],
    "values": [
      5820.3701171875
    ]
  },
  "inverse_model_loss": {
    "steps": [
      250
    ],
    "timestamps": [
      "2023-12-19T10:40:22.112659"
    ],
    "values": [
      8.031767845153809
    ]
  },
  "model_loss": {
    "steps": [
      250
    ],
    "timestamps": [
      "2023-12-19T10:40:22.112408"
    ],
    "values": [
      1.7352365255355835
    ]
  },
  "q_taken_mean": {
    "steps": [
      250
    ],
    "timestamps": [
      "2023-12-19T10:40:22.733378"
    ],
    "values": [
      4.92989111328125
    ]
  },
  "repr_loss": {
    "steps": [
      250
    ],
    "timestamps": [
      "2023-12-19T10:40:22.112022"
    ],
    "values": [
      34.12388610839844
    ]
  },
  "return_mean": {
    "steps": [
      1
    ],
    "timestamps": [
      "2023-12-19T10:40:09.325790"
    ],
    "values": [
      0.0
    ]
  },
  "return_std": {
    "steps": [
      1
    ],
    "timestamps": [
      "2023-12-19T10:40:09.326246"
    ],
    "values": [
      0.0
    ]
  },
  "rew_pred_loss": {
    "steps": [
      250
    ],
    "timestamps": [
      "2023-12-19T10:40:22.112523"
    ],
    "values": [
      0.0011759675107896328
    ]
  },
  "rl_loss": {
    "steps": [
      250
    ],
    "timestamps": [
      "2023-12-19T10:40:22.731639"
    ],
    "values": [
      250.47731018066406
    ]
  },
  "target_mean": {
    "steps": [
      250
    ],
    "timestamps": [
      "2023-12-19T10:40:22.733672"
    ],
    "values": [
      6.69434765625
    ]
  },
  "td_error_abs": {
    "steps": [
      250
    ],
    "timestamps": [
      "2023-12-19T10:40:22.732918"
    ],
    "values": [
      12.3463837890625
    ]
  },
  "test_battle_won_mean": {
    "steps": [
      1
    ],
    "timestamps": [
      "2023-12-19T10:40:20.025198"
    ],
    "values": [
      0.0
    ]
  },
  "test_ep_length_mean": {
    "steps": [
      1
    ],
    "timestamps": [
      "2023-12-19T10:40:20.025268"
    ],
    "values": [
      20.0
    ]
  },
  "test_return_mean": {
    "steps": [
      1
    ],
    "timestamps": [
      "2023-12-19T10:40:20.024672"
    ],
    "values": [
      0.0
    ]
  },
  "test_return_std": {
    "steps": [
      1
    ],
    "timestamps": [
      "2023-12-19T10:40:20.025107"
    ],
    "values": [
      0.0
    ]
  },
  "tot_loss": {
    "steps": [
      250
    ],
    "timestamps": [
      "2023-12-19T10:40:22.731918"
    ],
    "values": [
      284.6011962890625
    ]
  },
  "vae_loss": {
    "steps": [
      250
    ],
    "timestamps": [
      "2023-12-19T10:40:22.112284"
    ],
    "values": [
      24.355703353881836
    ]
  }
}