{
  "battle_won_mean": [
    0.0,
    0.0
  ],
  "battle_won_mean_T": [
    45,
    10082
  ],
  "dead_allies_mean": [
    5.0,
    5.0
  ],
  "dead_allies_mean_T": [
    45,
    10082
  ],
  "dead_enemies_mean": [
    0.0,
    0.02072538860103627
  ],
  "dead_enemies_mean_T": [
    45,
    10082
  ],
  "ep_length_mean": [
    45.0,
    52.005181347150256
  ],
  "ep_length_mean_T": [
    45,
    10082
  ],
  "epsilon": [
    1.0,
    0.809392
  ],
  "epsilon_T": [
    45,
    10082
  ],
  "grad_norm": [
    4.886420249938965,
    1.436654806137085
  ],
  "grad_norm_T": [
    1656,
    11677
  ],
  "model_loss": [
    0.8850694894790649,
    0.0032984353601932526
  ],
  "model_loss_T": [
    1656,
    11677
  ],
  "q_taken_mean": [
    -0.0010407348761811925,
    0.05740191935048834
  ],
  "q_taken_mean_T": [
    1656,
    11677
  ],
  "repr_loss": [
    1.1766283512115479,
    0.11914440989494324
  ],
  "repr_loss_T": [
    1656,
    11677
  ],
  "return_mean": [
    {
      "dtype": "float64",
      "py/object": "numpy.float64",
      "value": 3.764705882352941
    },
    {
      "dtype": "float64",
      "py/object": "numpy.float64",
      "value": 4.026021030173726
    }
  ],
  "return_mean_T": [
    45,
    10082
  ],
  "return_std": [
    {
      "dtype": "float64",
      "py/object": "numpy.float64",
      "value": 0.0
    },
    {
      "dtype": "float64",
      "py/object": "numpy.float64",
      "value": 0.8137282371389815
    }
  ],
  "return_std_T": [
    45,
    10082
  ],
  "rew_pred_loss": [
    0.05156342685222626,
    0.050506457686424255
  ],
  "rew_pred_loss_T": [
    1656,
    11677
  ],
  "rl_loss": [
    1.2707849740982056,
    0.7291505932807922
  ],
  "rl_loss_T": [
    1656,
    11677
  ],
  "target_mean": [
    0.05064896293308424,
    0.04656309593380906
  ],
  "target_mean_T": [
    1656,
    11677
  ],
  "td_error_abs": [
    0.7261128448633756,
    0.6058334082563598
  ],
  "td_error_abs_T": [
    1656,
    11677
  ],
  "test_battle_won_mean": [
    0.0
  ],
  "test_battle_won_mean_T": [
    45
  ],
  "test_dead_allies_mean": [
    5.0
  ],
  "test_dead_allies_mean_T": [
    45
  ],
  "test_dead_enemies_mean": [
    0.0
  ],
  "test_dead_enemies_mean_T": [
    45
  ],
  "test_ep_length_mean": [
    43.24
  ],
  "test_ep_length_mean_T": [
    45
  ],
  "test_return_mean": [
    {
      "dtype": "float64",
      "py/object": "numpy.float64",
      "value": 0.0
    }
  ],
  "test_return_mean_T": [
    45
  ],
  "test_return_std": [
    {
      "dtype": "float64",
      "py/object": "numpy.float64",
      "value": 0.0
    }
  ],
  "test_return_std_T": [
    45
  ],
  "tot_loss": [
    2.447413444519043,
    0.8482949733734131
  ],
  "tot_loss_T": [
    1656,
    11677
  ],
  "vae_loss": [
    0.23999543488025665,
    0.06533951312303543
  ],
  "vae_loss_T": [
    1656,
    11677
  ]
}