{
  "battle_won_mean": {
    "steps": [
      45,
      10082
    ],
    "timestamps": [
      "2023-10-24T19:20:19.035484",
      "2023-10-24T19:22:21.071729"
    ],
    "values": [
      0.0,
      0.0
    ]
  },
  "dead_allies_mean": {
    "steps": [
      45,
      10082
    ],
    "timestamps": [
      "2023-10-24T19:20:19.035435",
      "2023-10-24T19:22:21.071694"
    ],
    "values": [
      5.0,
      5.0
    ]
  },
  "dead_enemies_mean": {
    "steps": [
      45,
      10082
    ],
    "timestamps": [
      "2023-10-24T19:20:19.035462",
      "2023-10-24T19:22:21.071713"
    ],
    "values": [
      0.0,
      0.02072538860103627
    ]
  },
  "ep_length_mean": {
    "steps": [
      45,
      10082
    ],
    "timestamps": [
      "2023-10-24T19:20:19.035501",
      "2023-10-24T19:22:21.071745"
    ],
    "values": [
      45.0,
      52.005181347150256
    ]
  },
  "epsilon": {
    "steps": [
      45,
      10082
    ],
    "timestamps": [
      "2023-10-24T19:20:19.035519",
      "2023-10-24T19:22:21.071760"
    ],
    "values": [
      1.0,
      0.809392
    ]
  },
  "grad_norm": {
    "steps": [
      1656,
      11677
    ],
    "timestamps": [
      "2023-10-24T19:20:46.704956",
      "2023-10-24T19:22:38.277360"
    ],
    "values": [
      4.886420249938965,
      1.436654806137085
    ]
  },
  "model_loss": {
    "steps": [
      1656,
      11677
    ],
    "timestamps": [
      "2023-10-24T19:20:46.405184",
      "2023-10-24T19:22:38.053806"
    ],
    "values": [
      0.8850694894790649,
      0.0032984353601932526
    ]
  },
  "q_taken_mean": {
    "steps": [
      1656,
      11677
    ],
    "timestamps": [
      "2023-10-24T19:20:46.705300",
      "2023-10-24T19:22:38.277734"
    ],
    "values": [
      -0.0010407348761811925,
      0.05740191935048834
    ]
  },
  "repr_loss": {
    "steps": [
      1656,
      11677
    ],
    "timestamps": [
      "2023-10-24T19:20:46.405010",
      "2023-10-24T19:22:38.053654"
    ],
    "values": [
      1.1766283512115479,
      0.11914440989494324
    ]
  },
  "return_mean": {
    "steps": [
      45,
      10082
    ],
    "timestamps": [
      "2023-10-24T19:20:19.035214",
      "2023-10-24T19:22:21.071559"
    ],
    "values": [
      3.764705882352941,
      4.026021030173726
    ]
  },
  "return_std": {
    "steps": [
      45,
      10082
    ],
    "timestamps": [
      "2023-10-24T19:20:19.035385",
      "2023-10-24T19:22:21.071668"
    ],
    "values": [
      0.0,
      0.8137282371389815
    ]
  },
  "rew_pred_loss": {
    "steps": [
      1656,
      11677
    ],
    "timestamps": [
      "2023-10-24T19:20:46.405251",
      "2023-10-24T19:22:38.053858"
    ],
    "values": [
      0.05156342685222626,
      0.050506457686424255
    ]
  },
  "rl_loss": {
    "steps": [
      1656,
      11677
    ],
    "timestamps": [
      "2023-10-24T19:20:46.704769",
      "2023-10-24T19:22:38.277173"
    ],
    "values": [
      1.2707849740982056,
      0.7291505932807922
    ]
  },
  "target_mean": {
    "steps": [
      1656,
      11677
    ],
    "timestamps": [
      "2023-10-24T19:20:46.705411",
      "2023-10-24T19:22:38.277847"
    ],
    "values": [
      0.05064896293308424,
      0.04656309593380906
    ]
  },
  "td_error_abs": {
    "steps": [
      1656,
      11677
    ],
    "timestamps": [
      "2023-10-24T19:20:46.705178",
      "2023-10-24T19:22:38.277580"
    ],
    "values": [
      0.7261128448633756,
      0.6058334082563598
    ]
  },
  "test_battle_won_mean": {
    "steps": [
      45
    ],
    "timestamps": [
      "2023-10-24T19:20:38.801741"
    ],
    "values": [
      0.0
    ]
  },
  "test_dead_allies_mean": {
    "steps": [
      45
    ],
    "timestamps": [
      "2023-10-24T19:20:38.801700"
    ],
    "values": [
      5.0
    ]
  },
  "test_dead_enemies_mean": {
    "steps": [
      45
    ],
    "timestamps": [
      "2023-10-24T19:20:38.801722"
    ],
    "values": [
      0.0
    ]
  },
  "test_ep_length_mean": {
    "steps": [
      45
    ],
    "timestamps": [
      "2023-10-24T19:20:38.801759"
    ],
    "values": [
      43.24
    ]
  },
  "test_return_mean": {
    "steps": [
      45
    ],
    "timestamps": [
      "2023-10-24T19:20:38.801566"
    ],
    "values": [
      0.0
    ]
  },
  "test_return_std": {
    "steps": [
      45
    ],
    "timestamps": [
      "2023-10-24T19:20:38.801673"
    ],
    "values": [
      0.0
    ]
  },
  "tot_loss": {
    "steps": [
      1656,
      11677
    ],
    "timestamps": [
      "2023-10-24T19:20:46.704884",
      "2023-10-24T19:22:38.277299"
    ],
    "values": [
      2.447413444519043,
      0.8482949733734131
    ]
  },
  "vae_loss": {
    "steps": [
      1656,
      11677
    ],
    "timestamps": [
      "2023-10-24T19:20:46.405113",
      "2023-10-24T19:22:38.053748"
    ],
    "values": [
      0.23999543488025665,
      0.06533951312303543
    ]
  }
}