{
  "artifacts": [],
  "command": "my_main",
  "experiment": {
    "base_dir": "/home/hp/masia/src",
    "dependencies": [
      "numpy==1.24.4",
      "PyYAML==5.4.1",
      "sacred==0.8.5",
      "torch==2.1.0"
    ],
    "mainfile": "main.py",
    "name": "pymarl",
    "repositories": [
      {
        "commit": "f6e23bce37ea00df8d4b568d4de043fccfdacdab",
        "dirty": true,
        "url": "https://github.com/chenf-ai/Multi-Agent-Communication-Considering-Representation-Learning.git"
      },
      {
        "commit": "f6e23bce37ea00df8d4b568d4de043fccfdacdab",
        "dirty": true,
        "url": "https://github.com/chenf-ai/Multi-Agent-Communication-Considering-Representation-Learning.git"
      },
      {
        "commit": "f6e23bce37ea00df8d4b568d4de043fccfdacdab",
        "dirty": true,
        "url": "https://github.com/chenf-ai/Multi-Agent-Communication-Considering-Representation-Learning.git"
      },
      {
        "commit": "f6e23bce37ea00df8d4b568d4de043fccfdacdab",
        "dirty": true,
        "url": "https://github.com/chenf-ai/Multi-Agent-Communication-Considering-Representation-Learning.git"
      }
    ],
    "sources": [
      [
        "main.py",
        "_sources/main_9a90fc8bb0b0deba5607c8a1baffc0ad.py"
      ],
      [
        "msra_run.py",
        "_sources/msra_run_aa05ca2ed555c79101c58c718a1b4a69.py"
      ],
      [
        "run.py",
        "_sources/run_0d2dfbe8facb6f401179fc5ec2829f8f.py"
      ],
      [
        "utils/logging.py",
        "_sources/logging_8309e899ab76a4e610428ba7ee8d8acb.py"
      ]
    ]
  },
  "fail_trace": [
    "Traceback (most recent call last):\n",
    "  File \"/home/hp/anaconda3/envs/masia/lib/python3.8/site-packages/torch/cuda/__init__.py\", line 311, in _lazy_init\n    queued_call()\n",
    "  File \"/home/hp/anaconda3/envs/masia/lib/python3.8/site-packages/torch/cuda/__init__.py\", line 180, in _check_capability\n    capability = get_device_capability(d)\n",
    "  File \"/home/hp/anaconda3/envs/masia/lib/python3.8/site-packages/torch/cuda/__init__.py\", line 435, in get_device_capability\n    prop = get_device_properties(device)\n",
    "  File \"/home/hp/anaconda3/envs/masia/lib/python3.8/site-packages/torch/cuda/__init__.py\", line 453, in get_device_properties\n    return _get_device_properties(device)  # type: ignore[name-defined]\n",
    "RuntimeError: device >= 0 && device < num_gpus INTERNAL ASSERT FAILED at \"../aten/src/ATen/cuda/CUDAContext.cpp\":50, please report a bug to PyTorch. device=1, num_gpus=\u0001\n",
    "\nThe above exception was the direct cause of the following exception:\n\n",
    "Traceback (most recent call last):\n",
    "  File \"/home/hp/anaconda3/envs/masia/lib/python3.8/site-packages/sacred/config/captured_function.py\", line 42, in captured_function\n    result = wrapped(*args, **kwargs)\n",
    "  File \"src/main.py\", line 41, in my_main\n    msra_run(_run, config, _log)\n",
    "  File \"/home/hp/masia/src/msra_run.py\", line 132, in msra_run\n    run_sequential(args=args, logger=logger)\n",
    "  File \"/home/hp/masia/src/msra_run.py\", line 245, in run_sequential\n    learner = le_REGISTRY[args.learner](mac, latent_model, buffer.scheme, logger, args)\n",
    "  File \"/home/hp/masia/src/learners/masia_learner.py\", line 57, in __init__\n    self.rew_ms = RunningMeanStd(shape=(1,), device=device)\n",
    "  File \"/home/hp/masia/src/components/standarize_stream.py\", line 14, in __init__\n    self.mean = torch.zeros(shape, dtype=torch.float32, device=device)\n",
    "  File \"/home/hp/anaconda3/envs/masia/lib/python3.8/site-packages/torch/cuda/__init__.py\", line 317, in _lazy_init\n    raise DeferredCudaCallError(msg) from e\n",
    "torch.cuda.DeferredCudaCallError: CUDA call failed lazily at initialization with error: device >= 0 && device < num_gpus INTERNAL ASSERT FAILED at \"../aten/src/ATen/cuda/CUDAContext.cpp\":50, please report a bug to PyTorch. device=1, num_gpus=\u0001\n\nCUDA call was originally invoked at:\n\n  File \"src/main.py\", line 11, in <module>\n    import torch as th\n  File \"<frozen importlib._bootstrap>\", line 991, in _find_and_load\n  File \"<frozen importlib._bootstrap>\", line 975, in _find_and_load_unlocked\n  File \"<frozen importlib._bootstrap>\", line 671, in _load_unlocked\n  File \"<frozen importlib._bootstrap_external>\", line 783, in exec_module\n  File \"<frozen importlib._bootstrap>\", line 219, in _call_with_frames_removed\n  File \"/home/hp/anaconda3/envs/masia/lib/python3.8/site-packages/torch/__init__.py\", line 1332, in <module>\n    _C._initExtension(manager_path())\n  File \"<frozen importlib._bootstrap>\", line 991, in _find_and_load\n  File \"<frozen importlib._bootstrap>\", line 975, in _find_and_load_unlocked\n  File \"<frozen importlib._bootstrap>\", line 671, in _load_unlocked\n  File \"<frozen importlib._bootstrap_external>\", line 783, in exec_module\n  File \"<frozen importlib._bootstrap>\", line 219, in _call_with_frames_removed\n  File \"/home/hp/anaconda3/envs/masia/lib/python3.8/site-packages/torch/cuda/__init__.py\", line 244, in <module>\n    _lazy_call(_check_capability)\n  File \"/home/hp/anaconda3/envs/masia/lib/python3.8/site-packages/torch/cuda/__init__.py\", line 241, in _lazy_call\n    _queued_calls.append((callable, traceback.format_stack()))\n\n"
  ],
  "heartbeat": "2023-12-10T09:33:34.353823",
  "host": {
    "ENV": {},
    "cpu": "Intel(R) Xeon(R) Silver 4114 CPU @ 2.20GHz",
    "gpus": {
      "driver_version": "535.104.05",
      "gpus": [
        {
          "model": "NVIDIA TITAN Xp",
          "persistence_mode": false,
          "total_memory": 12288
        },
        {
          "model": "NVIDIA TITAN Xp",
          "persistence_mode": false,
          "total_memory": 12288
        },
        {
          "model": "NVIDIA TITAN Xp",
          "persistence_mode": false,
          "total_memory": 12288
        }
      ]
    },
    "hostname": "bigdata-2",
    "os": [
      "Linux",
      "Linux-4.15.0-142-generic-x86_64-with-glibc2.10"
    ],
    "python_version": "3.8.0"
  },
  "meta": {
    "command": "my_main",
    "config_updates": {},
    "named_configs": [],
    "options": {
      "--beat-interval": null,
      "--capture": null,
      "--comment": null,
      "--debug": false,
      "--enforce_clean": false,
      "--file_storage": null,
      "--force": false,
      "--help": false,
      "--id": null,
      "--loglevel": null,
      "--mongo_db": null,
      "--name": null,
      "--pdb": false,
      "--print-config": false,
      "--priority": null,
      "--queue": false,
      "--s3": null,
      "--sql": null,
      "--tiny_db": null,
      "--unobserved": false,
      "COMMAND": null,
      "UPDATE": [],
      "help": false,
      "with": false
    }
  },
  "resources": [],
  "result": null,
  "start_time": "2023-12-10T09:33:32.550609",
  "status": "FAILED",
  "stop_time": "2023-12-10T09:33:34.357006"
}