{
  "battle_won_mean": [
    0.0
  ],
  "battle_won_mean_T": [
    4
  ],
  "ep_length_mean": [
    4.0
  ],
  "ep_length_mean_T": [
    4
  ],
  "epsilon": [
    1.0
  ],
  "epsilon_T": [
    4
  ],
  "grad_norm": [
    14835.4755859375
  ],
  "grad_norm_T": [
    261
  ],
  "inverse_model_loss": [
    8.022183418273926
  ],
  "inverse_model_loss_T": [
    261
  ],
  "model_loss": [
    1.8374567031860352
  ],
  "model_loss_T": [
    261
  ],
  "q_taken_mean": [
    9.651123046875
  ],
  "q_taken_mean_T": [
    261
  ],
  "repr_loss": [
    32.94453048706055
  ],
  "repr_loss_T": [
    261
  ],
  "return_mean": [
    {
      "dtype": "float64",
      "py/object": "numpy.float64",
      "value": 0.0
    }
  ],
  "return_mean_T": [
    4
  ],
  "return_std": [
    {
      "dtype": "float64",
      "py/object": "numpy.float64",
      "value": 0.0
    }
  ],
  "return_std_T": [
    4
  ],
  "rew_pred_loss": [
    0.012191678397357464
  ],
  "rew_pred_loss_T": [
    261
  ],
  "rl_loss": [
    1498.5428466796875
  ],
  "rl_loss_T": [
    261
  ],
  "target_mean": [
    14.618811362547893
  ],
  "target_mean_T": [
    261
  ],
  "td_error_abs": [
    29.329146461925287
  ],
  "td_error_abs_T": [
    261
  ],
  "test_battle_won_mean": [
    0.0
  ],
  "test_battle_won_mean_T": [
    4
  ],
  "test_ep_length_mean": [
    2.16
  ],
  "test_ep_length_mean_T": [
    4
  ],
  "test_return_mean": [
    {
      "dtype": "float64",
      "py/object": "numpy.float64",
      "value": 0.0
    }
  ],
  "test_return_mean_T": [
    4
  ],
  "test_return_std": [
    {
      "dtype": "float64",
      "py/object": "numpy.float64",
      "value": 0.0
    }
  ],
  "test_return_std_T": [
    4
  ],
  "tot_loss": [
    1531.4874267578125
  ],
  "tot_loss_T": [
    261
  ],
  "vae_loss": [
    23.07270050048828
  ],
  "vae_loss_T": [
    261
  ]
}