{
  "battle_won_mean": {
    "steps": [
      4
    ],
    "timestamps": [
      "2023-12-19T10:40:09.283173"
    ],
    "values": [
      0.0
    ]
  },
  "ep_length_mean": {
    "steps": [
      4
    ],
    "timestamps": [
      "2023-12-19T10:40:09.283341"
    ],
    "values": [
      4.0
    ]
  },
  "epsilon": {
    "steps": [
      4
    ],
    "timestamps": [
      "2023-12-19T10:40:09.283531"
    ],
    "values": [
      1.0
    ]
  },
  "grad_norm": {
    "steps": [
      261
    ],
    "timestamps": [
      "2023-12-19T10:40:12.985185"
    ],
    "values": [
      14835.4755859375
    ]
  },
  "inverse_model_loss": {
    "steps": [
      261
    ],
    "timestamps": [
      "2023-12-19T10:40:12.621391"
    ],
    "values": [
      8.022183418273926
    ]
  },
  "model_loss": {
    "steps": [
      261
    ],
    "timestamps": [
      "2023-12-19T10:40:12.621236"
    ],
    "values": [
      1.8374567031860352
    ]
  },
  "q_taken_mean": {
    "steps": [
      261
    ],
    "timestamps": [
      "2023-12-19T10:40:12.985949"
    ],
    "values": [
      9.651123046875
    ]
  },
  "repr_loss": {
    "steps": [
      261
    ],
    "timestamps": [
      "2023-12-19T10:40:12.620974"
    ],
    "values": [
      32.94453048706055
    ]
  },
  "return_mean": {
    "steps": [
      4
    ],
    "timestamps": [
      "2023-12-19T10:40:09.281745"
    ],
    "values": [
      0.0
    ]
  },
  "return_std": {
    "steps": [
      4
    ],
    "timestamps": [
      "2023-12-19T10:40:09.282942"
    ],
    "values": [
      0.0
    ]
  },
  "rew_pred_loss": {
    "steps": [
      261
    ],
    "timestamps": [
      "2023-12-19T10:40:12.621315"
    ],
    "values": [
      0.012191678397357464
    ]
  },
  "rl_loss": {
    "steps": [
      261
    ],
    "timestamps": [
      "2023-12-19T10:40:12.984997"
    ],
    "values": [
      1498.5428466796875
    ]
  },
  "target_mean": {
    "steps": [
      261
    ],
    "timestamps": [
      "2023-12-19T10:40:12.986127"
    ],
    "values": [
      14.618811362547893
    ]
  },
  "td_error_abs": {
    "steps": [
      261
    ],
    "timestamps": [
      "2023-12-19T10:40:12.985631"
    ],
    "values": [
      29.329146461925287
    ]
  },
  "test_battle_won_mean": {
    "steps": [
      4
    ],
    "timestamps": [
      "2023-12-19T10:40:10.907749"
    ],
    "values": [
      0.0
    ]
  },
  "test_ep_length_mean": {
    "steps": [
      4
    ],
    "timestamps": [
      "2023-12-19T10:40:10.907816"
    ],
    "values": [
      2.16
    ]
  },
  "test_return_mean": {
    "steps": [
      4
    ],
    "timestamps": [
      "2023-12-19T10:40:10.907213"
    ],
    "values": [
      0.0
    ]
  },
  "test_return_std": {
    "steps": [
      4
    ],
    "timestamps": [
      "2023-12-19T10:40:10.907649"
    ],
    "values": [
      0.0
    ]
  },
  "tot_loss": {
    "steps": [
      261
    ],
    "timestamps": [
      "2023-12-19T10:40:12.985111"
    ],
    "values": [
      1531.4874267578125
    ]
  },
  "vae_loss": {
    "steps": [
      261
    ],
    "timestamps": [
      "2023-12-19T10:40:12.621147"
    ],
    "values": [
      23.07270050048828
    ]
  }
}