{
  "battle_won_mean": {
    "steps": [
      150,
      10254,
      20397
    ],
    "timestamps": [
      "2023-11-28T17:01:47.038692",
      "2023-11-28T17:07:06.785381",
      "2023-11-28T17:11:12.114637"
    ],
    "values": [
      0.0,
      0.0,
      0.0
    ]
  },
  "dead_allies_mean": {
    "steps": [
      150,
      10254,
      20397
    ],
    "timestamps": [
      "2023-11-28T17:01:47.038877",
      "2023-11-28T17:07:06.785453",
      "2023-11-28T17:11:12.114709"
    ],
    "values": [
      4.0,
      4.317757009345795,
      4.196078431372549
    ]
  },
  "dead_enemies_mean": {
    "steps": [
      150,
      10254,
      20397
    ],
    "timestamps": [
      "2023-11-28T17:01:47.039049",
      "2023-11-28T17:07:06.785519",
      "2023-11-28T17:11:12.114787"
    ],
    "values": [
      0.0,
      0.0,
      0.0
    ]
  },
  "ep_length_mean": {
    "steps": [
      150,
      10254,
      20397
    ],
    "timestamps": [
      "2023-11-28T17:01:47.039219",
      "2023-11-28T17:07:06.785584",
      "2023-11-28T17:11:12.114854"
    ],
    "values": [
      150.0,
      94.42990654205607,
      99.44117647058823
    ]
  },
  "epsilon": {
    "steps": [
      150,
      10254,
      20397
    ],
    "timestamps": [
      "2023-11-28T17:01:47.039377",
      "2023-11-28T17:07:06.785648",
      "2023-11-28T17:11:12.114919"
    ],
    "values": [
      1.0,
      0.8080240000000001,
      0.615307
    ]
  },
  "grad_norm": {
    "steps": [
      2889,
      13007
    ],
    "timestamps": [
      "2023-11-28T17:04:09.942497",
      "2023-11-28T17:08:11.539329"
    ],
    "values": [
      5.116953372955322,
      0.4659395217895508
    ]
  },
  "model_loss": {
    "steps": [
      2889,
      13007
    ],
    "timestamps": [
      "2023-11-28T17:04:08.758329",
      "2023-11-28T17:08:10.642151"
    ],
    "values": [
      1.1438900232315063,
      0.0020325493533164263
    ]
  },
  "q_taken_mean": {
    "steps": [
      2889,
      13007
    ],
    "timestamps": [
      "2023-11-28T17:04:09.943028",
      "2023-11-28T17:08:11.540808"
    ],
    "values": [
      0.010758127626476505,
      0.044599750338903794
    ]
  },
  "repr_loss": {
    "steps": [
      2889,
      13007
    ],
    "timestamps": [
      "2023-11-28T17:04:08.758067",
      "2023-11-28T17:08:10.641876"
    ],
    "values": [
      1.3098236322402954,
      0.09487129002809525
    ]
  },
  "return_mean": {
    "steps": [
      150,
      10254,
      20397
    ],
    "timestamps": [
      "2023-11-28T17:01:47.037631",
      "2023-11-28T17:07:06.784899",
      "2023-11-28T17:11:12.114263"
    ],
    "values": [
      0.6683538732394383,
      2.678700525289582,
      4.776901856142972
    ]
  },
  "return_std": {
    "steps": [
      150,
      10254,
      20397
    ],
    "timestamps": [
      "2023-11-28T17:01:47.038482",
      "2023-11-28T17:07:06.785291",
      "2023-11-28T17:11:12.114534"
    ],
    "values": [
      0.0,
      1.1292010873474174,
      1.7205820503737361
    ]
  },
  "rew_pred_loss": {
    "steps": [
      2889,
      13007
    ],
    "timestamps": [
      "2023-11-28T17:04:08.758416",
      "2023-11-28T17:08:10.642240"
    ],
    "values": [
      0.015675118193030357,
      0.019602976739406586
    ]
  },
  "rl_loss": {
    "steps": [
      2889,
      13007
    ],
    "timestamps": [
      "2023-11-28T17:04:09.942287",
      "2023-11-28T17:08:11.539114"
    ],
    "values": [
      1.6411631107330322,
      0.6600722670555115
    ]
  },
  "target_mean": {
    "steps": [
      2889,
      13007
    ],
    "timestamps": [
      "2023-11-28T17:04:09.943175",
      "2023-11-28T17:08:11.541250"
    ],
    "values": [
      0.048254271996149185,
      0.046411494447645855
    ]
  },
  "td_error_abs": {
    "steps": [
      2889,
      13007
    ],
    "timestamps": [
      "2023-11-28T17:04:09.942838",
      "2023-11-28T17:08:11.540351"
    ],
    "values": [
      0.43234921591056596,
      0.32986036898002946
    ]
  },
  "test_battle_won_mean": {
    "steps": [
      150
    ],
    "timestamps": [
      "2023-11-28T17:03:41.831885"
    ],
    "values": [
      0.0
    ]
  },
  "test_dead_allies_mean": {
    "steps": [
      150
    ],
    "timestamps": [
      "2023-11-28T17:03:41.831985"
    ],
    "values": [
      3.74
    ]
  },
  "test_dead_enemies_mean": {
    "steps": [
      150
    ],
    "timestamps": [
      "2023-11-28T17:03:41.832075"
    ],
    "values": [
      0.0
    ]
  },
  "test_ep_length_mean": {
    "steps": [
      150
    ],
    "timestamps": [
      "2023-11-28T17:03:41.832160"
    ],
    "values": [
      118.79
    ]
  },
  "test_return_mean": {
    "steps": [
      150
    ],
    "timestamps": [
      "2023-11-28T17:03:41.831024"
    ],
    "values": [
      2.6277419399207678
    ]
  },
  "test_return_std": {
    "steps": [
      150
    ],
    "timestamps": [
      "2023-11-28T17:03:41.831757"
    ],
    "values": [
      1.1338077007068241
    ]
  },
  "tot_loss": {
    "steps": [
      2889,
      13007
    ],
    "timestamps": [
      "2023-11-28T17:04:09.942414",
      "2023-11-28T17:08:11.539242"
    ],
    "values": [
      2.950986862182617,
      0.7549435496330261
    ]
  },
  "vae_loss": {
    "steps": [
      2889,
      13007
    ],
    "timestamps": [
      "2023-11-28T17:04:08.758233",
      "2023-11-28T17:08:10.642056"
    ],
    "values": [
      0.15025855600833893,
      0.07323576509952545
    ]
  }
}