{
  "battle_won_mean": [
    0.0
  ],
  "battle_won_mean_T": [
    150
  ],
  "dead_allies_mean": [
    4.0
  ],
  "dead_allies_mean_T": [
    150
  ],
  "dead_enemies_mean": [
    0.0
  ],
  "dead_enemies_mean_T": [
    150
  ],
  "ep_length_mean": [
    150.0
  ],
  "ep_length_mean_T": [
    150
  ],
  "epsilon": [
    1.0
  ],
  "epsilon_T": [
    150
  ],
  "return_mean": [
    {
      "dtype": "float64",
      "py/object": "numpy.float64",
      "value": 3.376306668133788
    }
  ],
  "return_mean_T": [
    150
  ],
  "return_std": [
    {
      "dtype": "float64",
      "py/object": "numpy.float64",
      "value": 0.0
    }
  ],
  "return_std_T": [
    150
  ],
  "test_battle_won_mean": [
    0.0
  ],
  "test_battle_won_mean_T": [
    150
  ],
  "test_dead_allies_mean": [
    2.75
  ],
  "test_dead_allies_mean_T": [
    150
  ],
  "test_dead_enemies_mean": [
    0.0
  ],
  "test_dead_enemies_mean_T": [
    150
  ],
  "test_ep_length_mean": [
    125.67
  ],
  "test_ep_length_mean_T": [
    150
  ],
  "test_return_mean": [
    {
      "dtype": "float64",
      "py/object": "numpy.float64",
      "value": 0.14679453675176085
    }
  ],
  "test_return_mean_T": [
    150
  ],
  "test_return_std": [
    {
      "dtype": "float64",
      "py/object": "numpy.float64",
      "value": 0.3003101614131578
    }
  ],
  "test_return_std_T": [
    150
  ]
}