{
  "battle_won_mean": {
    "steps": [
      150
    ],
    "timestamps": [
      "2023-12-01T16:34:30.684598"
    ],
    "values": [
      0.0
    ]
  },
  "dead_allies_mean": {
    "steps": [
      150
    ],
    "timestamps": [
      "2023-12-01T16:34:30.684304"
    ],
    "values": [
      4.0
    ]
  },
  "dead_enemies_mean": {
    "steps": [
      150
    ],
    "timestamps": [
      "2023-12-01T16:34:30.684452"
    ],
    "values": [
      0.0
    ]
  },
  "ep_length_mean": {
    "steps": [
      150
    ],
    "timestamps": [
      "2023-12-01T16:34:30.684735"
    ],
    "values": [
      150.0
    ]
  },
  "epsilon": {
    "steps": [
      150
    ],
    "timestamps": [
      "2023-12-01T16:34:30.684851"
    ],
    "values": [
      1.0
    ]
  },
  "return_mean": {
    "steps": [
      150
    ],
    "timestamps": [
      "2023-12-01T16:34:30.683460"
    ],
    "values": [
      3.376306668133788
    ]
  },
  "return_std": {
    "steps": [
      150
    ],
    "timestamps": [
      "2023-12-01T16:34:30.684140"
    ],
    "values": [
      0.0
    ]
  },
  "test_battle_won_mean": {
    "steps": [
      150
    ],
    "timestamps": [
      "2023-12-01T16:39:05.709812"
    ],
    "values": [
      0.0
    ]
  },
  "test_dead_allies_mean": {
    "steps": [
      150
    ],
    "timestamps": [
      "2023-12-01T16:39:05.709643"
    ],
    "values": [
      2.75
    ]
  },
  "test_dead_enemies_mean": {
    "steps": [
      150
    ],
    "timestamps": [
      "2023-12-01T16:39:05.709731"
    ],
    "values": [
      0.0
    ]
  },
  "test_ep_length_mean": {
    "steps": [
      150
    ],
    "timestamps": [
      "2023-12-01T16:39:05.709888"
    ],
    "values": [
      125.67
    ]
  },
  "test_return_mean": {
    "steps": [
      150
    ],
    "timestamps": [
      "2023-12-01T16:39:05.708976"
    ],
    "values": [
      0.14679453675176085
    ]
  },
  "test_return_std": {
    "steps": [
      150
    ],
    "timestamps": [
      "2023-12-01T16:39:05.709537"
    ],
    "values": [
      0.3003101614131578
    ]
  }
}