{
  "artifacts": [],
  "command": "my_main",
  "experiment": {
    "base_dir": "/home/hp/masia/src",
    "dependencies": [
      "numpy==1.24.4",
      "PyYAML==5.4.1",
      "sacred==0.8.5",
      "torch==2.1.0"
    ],
    "mainfile": "main.py",
    "name": "pymarl",
    "repositories": [
      {
        "commit": "f6e23bce37ea00df8d4b568d4de043fccfdacdab",
        "dirty": true,
        "url": "https://github.com/chenf-ai/Multi-Agent-Communication-Considering-Representation-Learning.git"
      },
      {
        "commit": "f6e23bce37ea00df8d4b568d4de043fccfdacdab",
        "dirty": true,
        "url": "https://github.com/chenf-ai/Multi-Agent-Communication-Considering-Representation-Learning.git"
      },
      {
        "commit": "f6e23bce37ea00df8d4b568d4de043fccfdacdab",
        "dirty": true,
        "url": "https://github.com/chenf-ai/Multi-Agent-Communication-Considering-Representation-Learning.git"
      },
      {
        "commit": "f6e23bce37ea00df8d4b568d4de043fccfdacdab",
        "dirty": true,
        "url": "https://github.com/chenf-ai/Multi-Agent-Communication-Considering-Representation-Learning.git"
      }
    ],
    "sources": [
      [
        "main.py",
        "_sources/main_543746f93e4154385cf2b5624dad0b7e.py"
      ],
      [
        "msra_run.py",
        "_sources/msra_run_b9ec5273e70a69f39bb29d4d0e7c8299.py"
      ],
      [
        "run.py",
        "_sources/run_0d2dfbe8facb6f401179fc5ec2829f8f.py"
      ],
      [
        "utils/logging.py",
        "_sources/logging_8309e899ab76a4e610428ba7ee8d8acb.py"
      ]
    ]
  },
  "fail_trace": [
    "Traceback (most recent call last):\n",
    "  File \"/home/hp/anaconda3/envs/masia/lib/python3.8/site-packages/sacred/config/captured_function.py\", line 42, in captured_function\n    result = wrapped(*args, **kwargs)\n",
    "  File \"src/main.py\", line 40, in my_main\n    msra_run(_run, config, _log)\n",
    "  File \"/home/hp/masia/src/msra_run.py\", line 130, in msra_run\n    run_sequential(args=args, logger=logger)\n",
    "  File \"/home/hp/masia/src/msra_run.py\", line 306, in run_sequential\n    episode_batch = runner.run(test_mode=False)\n",
    "  File \"/home/hp/masia/src/runners/episode_runner.py\", line 70, in run\n    actions = self.mac.select_actions(self.batch, t_ep=self.t, t_env=self.t_env, test_mode=test_mode)\n",
    "  File \"/home/hp/masia/src/controllers/masia_controller.py\", line 24, in select_actions\n    agent_outputs = self.forward(ep_batch, t_ep, test_mode=test_mode)\n",
    "  File \"/home/hp/masia/src/controllers/masia_controller.py\", line 32, in forward\n    agent_outs, self.hidden_states, self.encoder_hidden_states = self.agent(agent_inputs, agent_mask_inputs, self.hidden_states, self.encoder_hidden_states)\n",
    "  File \"/home/hp/anaconda3/envs/masia/lib/python3.8/site-packages/torch/nn/modules/module.py\", line 1518, in _wrapped_call_impl\n    return self._call_impl(*args, **kwargs)\n",
    "  File \"/home/hp/anaconda3/envs/masia/lib/python3.8/site-packages/torch/nn/modules/module.py\", line 1527, in _call_impl\n    return forward_call(*args, **kwargs)\n",
    "  File \"/home/hp/masia/src/modules/agents/masia_agent.py\", line 104, in forward\n    z, encoder_h = self.encoder.encode(mask_inputs, encoder_hidden_state)\n",
    "  File \"/home/hp/masia/src/modules/state_encoders/ob_attn_ae.py\", line 88, in encode\n    query = self.query(inputs).reshape(bs, self.n_agents, self.args.attn_embed_dim)\n",
    "  File \"/home/hp/anaconda3/envs/masia/lib/python3.8/site-packages/torch/nn/modules/module.py\", line 1518, in _wrapped_call_impl\n    return self._call_impl(*args, **kwargs)\n",
    "  File \"/home/hp/anaconda3/envs/masia/lib/python3.8/site-packages/torch/nn/modules/module.py\", line 1527, in _call_impl\n    return forward_call(*args, **kwargs)\n",
    "  File \"/home/hp/anaconda3/envs/masia/lib/python3.8/site-packages/torch/nn/modules/linear.py\", line 114, in forward\n    return F.linear(input, self.weight, self.bias)\n",
    "torch.cuda.OutOfMemoryError: CUDA out of memory. Tried to allocate 20.00 MiB. GPU 0 has a total capacty of 11.90 GiB of which 3.62 MiB is free. Process 25036 has 5.28 GiB memory in use. Process 29553 has 5.37 GiB memory in use. Including non-PyTorch memory, this process has 176.00 MiB memory in use. Process 3067 has 176.00 MiB memory in use. Process 3532 has 196.00 MiB memory in use. Process 3807 has 194.00 MiB memory in use. Process 4012 has 194.00 MiB memory in use. Process 4587 has 166.00 MiB memory in use. Process 4245 has 174.00 MiB memory in use. Of the allocated memory 2.25 MiB is allocated by PyTorch, and 1.75 MiB is reserved by PyTorch but unallocated. If reserved but unallocated memory is large try setting max_split_size_mb to avoid fragmentation.  See documentation for Memory Management and PYTORCH_CUDA_ALLOC_CONF\n"
  ],
  "heartbeat": "2023-12-01T16:26:13.845379",
  "host": {
    "ENV": {},
    "cpu": "Intel(R) Xeon(R) Silver 4114 CPU @ 2.20GHz",
    "gpus": {
      "driver_version": "535.104.05",
      "gpus": [
        {
          "model": "NVIDIA TITAN Xp",
          "persistence_mode": false,
          "total_memory": 12288
        },
        {
          "model": "NVIDIA TITAN Xp",
          "persistence_mode": false,
          "total_memory": 12288
        },
        {
          "model": "NVIDIA TITAN Xp",
          "persistence_mode": false,
          "total_memory": 12288
        }
      ]
    },
    "hostname": "bigdata-2",
    "os": [
      "Linux",
      "Linux-4.15.0-142-generic-x86_64-with-glibc2.10"
    ],
    "python_version": "3.8.0"
  },
  "meta": {
    "command": "my_main",
    "config_updates": {
      "env_args": {
        "map_name": "5z_vs_1ul"
      }
    },
    "named_configs": [],
    "options": {
      "--beat-interval": null,
      "--capture": null,
      "--comment": null,
      "--debug": false,
      "--enforce_clean": false,
      "--file_storage": null,
      "--force": false,
      "--help": false,
      "--id": null,
      "--loglevel": null,
      "--mongo_db": null,
      "--name": null,
      "--pdb": false,
      "--print-config": false,
      "--priority": null,
      "--queue": false,
      "--s3": null,
      "--sql": null,
      "--tiny_db": null,
      "--unobserved": false,
      "COMMAND": null,
      "UPDATE": [
        "env_args.map_name=5z_vs_1ul"
      ],
      "help": false,
      "with": true
    }
  },
  "resources": [],
  "result": null,
  "start_time": "2023-12-01T16:22:38.433631",
  "status": "FAILED",
  "stop_time": "2023-12-01T16:26:13.847979"
}