{
  "battle_won_mean": [
    0.0,
    0.236,
    0.24
  ],
  "battle_won_mean_T": [
    40,
    10040,
    20040
  ],
  "ep_length_mean": [
    40.0,
    40.0,
    40.0
  ],
  "ep_length_mean_T": [
    40,
    10040,
    20040
  ],
  "episode": [
    250,
    500
  ],
  "episode_T": [
    10000,
    20000
  ],
  "epsilon": [
    1.0,
    0.81,
    0.6200000000000001
  ],
  "epsilon_T": [
    40,
    10040,
    20040
  ],
  "grad_norm": [
    35.452301025390625,
    111.92919921875
  ],
  "grad_norm_T": [
    1280,
    11280
  ],
  "model_loss": [
    2.0366106033325195,
    0.10581056773662567
  ],
  "model_loss_T": [
    1280,
    11280
  ],
  "q_taken_mean": [
    0.017579214572906496,
    0.02216053009033203
  ],
  "q_taken_mean_T": [
    1280,
    11280
  ],
  "repr_loss": [
    293.8954772949219,
    164.22474670410156
  ],
  "repr_loss_T": [
    1280,
    11280
  ],
  "return_mean": [
    {
      "dtype": "float64",
      "py/object": "numpy.float64",
      "value": -196.83
    },
    {
      "dtype": "float64",
      "py/object": "numpy.float64",
      "value": -117.51772
    },
    {
      "dtype": "float64",
      "py/object": "numpy.float64",
      "value": -121.33032
    }
  ],
  "return_mean_T": [
    40,
    10040,
    20040
  ],
  "return_std": [
    {
      "dtype": "float64",
      "py/object": "numpy.float64",
      "value": 0.0
    },
    {
      "dtype": "float64",
      "py/object": "numpy.float64",
      "value": 124.43582730388222
    },
    {
      "dtype": "float64",
      "py/object": "numpy.float64",
      "value": 117.1682439942564
    }
  ],
  "return_std_T": [
    40,
    10040,
    20040
  ],
  "rew_pred_loss": [
    291.82916259765625,
    164.10623168945312
  ],
  "rew_pred_loss_T": [
    1280,
    11280
  ],
  "rl_loss": [
    1.0011091232299805,
    0.6389126181602478
  ],
  "rl_loss_T": [
    1280,
    11280
  ],
  "target_mean": [
    0.0261673641204834,
    0.028999166488647463
  ],
  "target_mean_T": [
    1280,
    11280
  ],
  "td_error_abs": [
    0.7556680679321289,
    0.4444405555725098
  ],
  "td_error_abs_T": [
    1280,
    11280
  ],
  "test_battle_won_mean": [
    0.775,
    0.325,
    0.15
  ],
  "test_battle_won_mean_T": [
    40,
    10040,
    20040
  ],
  "test_ep_length_mean": [
    40.0,
    40.0,
    40.0
  ],
  "test_ep_length_mean_T": [
    40,
    10040,
    20040
  ],
  "test_return_mean": [
    {
      "dtype": "float64",
      "py/object": "numpy.float64",
      "value": -23.38675
    },
    {
      "dtype": "float64",
      "py/object": "numpy.float64",
      "value": -67.43175000000001
    },
    {
      "dtype": "float64",
      "py/object": "numpy.float64",
      "value": -327.79825
    }
  ],
  "test_return_mean_T": [
    40,
    10040,
    20040
  ],
  "test_return_std": [
    {
      "dtype": "float64",
      "py/object": "numpy.float64",
      "value": 44.66666639606654
    },
    {
      "dtype": "float64",
      "py/object": "numpy.float64",
      "value": 84.43705095772532
    },
    {
      "dtype": "float64",
      "py/object": "numpy.float64",
      "value": 332.5214548107197
    }
  ],
  "test_return_std_T": [
    40,
    10040,
    20040
  ],
  "tot_loss": [
    294.8965759277344,
    164.86366271972656
  ],
  "tot_loss_T": [
    1280,
    11280
  ],
  "vae_loss": [
    0.029695063829421997,
    0.01270039938390255
  ],
  "vae_loss_T": [
    1280,
    11280
  ]
}