{
  "battle_won_mean": {
    "steps": [
      40,
      10040,
      20040
    ],
    "timestamps": [
      "2023-10-22T18:04:16.657353",
      "2023-10-22T18:05:24.533991",
      "2023-10-22T18:06:34.433132"
    ],
    "values": [
      0.0,
      0.236,
      0.24
    ]
  },
  "ep_length_mean": {
    "steps": [
      40,
      10040,
      20040
    ],
    "timestamps": [
      "2023-10-22T18:04:16.657380",
      "2023-10-22T18:05:24.534016",
      "2023-10-22T18:06:34.433150"
    ],
    "values": [
      40.0,
      40.0,
      40.0
    ]
  },
  "episode": {
    "steps": [
      10000,
      20000
    ],
    "timestamps": [
      "2023-10-22T18:05:24.414303",
      "2023-10-22T18:06:34.331684"
    ],
    "values": [
      250,
      500
    ]
  },
  "epsilon": {
    "steps": [
      40,
      10040,
      20040
    ],
    "timestamps": [
      "2023-10-22T18:04:16.657400",
      "2023-10-22T18:05:24.534041",
      "2023-10-22T18:06:34.433168"
    ],
    "values": [
      1.0,
      0.81,
      0.6200000000000001
    ]
  },
  "grad_norm": {
    "steps": [
      1280,
      11280
    ],
    "timestamps": [
      "2023-10-22T18:04:23.889422",
      "2023-10-22T18:05:37.151438"
    ],
    "values": [
      35.452301025390625,
      111.92919921875
    ]
  },
  "model_loss": {
    "steps": [
      1280,
      11280
    ],
    "timestamps": [
      "2023-10-22T18:04:23.702167",
      "2023-10-22T18:05:37.011513"
    ],
    "values": [
      2.0366106033325195,
      0.10581056773662567
    ]
  },
  "q_taken_mean": {
    "steps": [
      1280,
      11280
    ],
    "timestamps": [
      "2023-10-22T18:04:23.889827",
      "2023-10-22T18:05:37.151881"
    ],
    "values": [
      0.017579214572906496,
      0.02216053009033203
    ]
  },
  "repr_loss": {
    "steps": [
      1280,
      11280
    ],
    "timestamps": [
      "2023-10-22T18:04:23.702022",
      "2023-10-22T18:05:37.011339"
    ],
    "values": [
      293.8954772949219,
      164.22474670410156
    ]
  },
  "return_mean": {
    "steps": [
      40,
      10040,
      20040
    ],
    "timestamps": [
      "2023-10-22T18:04:16.656965",
      "2023-10-22T18:05:24.533827",
      "2023-10-22T18:06:34.432993"
    ],
    "values": [
      -196.83,
      -117.51772,
      -121.33032
    ]
  },
  "return_std": {
    "steps": [
      40,
      10040,
      20040
    ],
    "timestamps": [
      "2023-10-22T18:04:16.657305",
      "2023-10-22T18:05:24.533956",
      "2023-10-22T18:06:34.433105"
    ],
    "values": [
      0.0,
      124.43582730388222,
      117.1682439942564
    ]
  },
  "rew_pred_loss": {
    "steps": [
      1280,
      11280
    ],
    "timestamps": [
      "2023-10-22T18:04:23.702216",
      "2023-10-22T18:05:37.011577"
    ],
    "values": [
      291.82916259765625,
      164.10623168945312
    ]
  },
  "rl_loss": {
    "steps": [
      1280,
      11280
    ],
    "timestamps": [
      "2023-10-22T18:04:23.889282",
      "2023-10-22T18:05:37.151296"
    ],
    "values": [
      1.0011091232299805,
      0.6389126181602478
    ]
  },
  "target_mean": {
    "steps": [
      1280,
      11280
    ],
    "timestamps": [
      "2023-10-22T18:04:23.889944",
      "2023-10-22T18:05:37.152012"
    ],
    "values": [
      0.0261673641204834,
      0.028999166488647463
    ]
  },
  "td_error_abs": {
    "steps": [
      1280,
      11280
    ],
    "timestamps": [
      "2023-10-22T18:04:23.889695",
      "2023-10-22T18:05:37.151691"
    ],
    "values": [
      0.7556680679321289,
      0.4444405555725098
    ]
  },
  "test_battle_won_mean": {
    "steps": [
      40,
      10040,
      20040
    ],
    "timestamps": [
      "2023-10-22T18:04:20.624599",
      "2023-10-22T18:05:28.877477",
      "2023-10-22T18:06:38.810959"
    ],
    "values": [
      0.775,
      0.325,
      0.15
    ]
  },
  "test_ep_length_mean": {
    "steps": [
      40,
      10040,
      20040
    ],
    "timestamps": [
      "2023-10-22T18:04:20.624618",
      "2023-10-22T18:05:28.877496",
      "2023-10-22T18:06:38.810978"
    ],
    "values": [
      40.0,
      40.0,
      40.0
    ]
  },
  "test_return_mean": {
    "steps": [
      40,
      10040,
      20040
    ],
    "timestamps": [
      "2023-10-22T18:04:20.624469",
      "2023-10-22T18:05:28.877349",
      "2023-10-22T18:06:38.810831"
    ],
    "values": [
      -23.38675,
      -67.43175000000001,
      -327.79825
    ]
  },
  "test_return_std": {
    "steps": [
      40,
      10040,
      20040
    ],
    "timestamps": [
      "2023-10-22T18:04:20.624572",
      "2023-10-22T18:05:28.877451",
      "2023-10-22T18:06:38.810934"
    ],
    "values": [
      44.66666639606654,
      84.43705095772532,
      332.5214548107197
    ]
  },
  "tot_loss": {
    "steps": [
      1280,
      11280
    ],
    "timestamps": [
      "2023-10-22T18:04:23.889368",
      "2023-10-22T18:05:37.151387"
    ],
    "values": [
      294.8965759277344,
      164.86366271972656
    ]
  },
  "vae_loss": {
    "steps": [
      1280,
      11280
    ],
    "timestamps": [
      "2023-10-22T18:04:23.702114",
      "2023-10-22T18:05:37.011445"
    ],
    "values": [
      0.029695063829421997,
      0.01270039938390255
    ]
  }
}