{
  "battle_won_mean": [
    0.0
  ],
  "battle_won_mean_T": [
    150
  ],
  "dead_allies_mean": [
    3.0
  ],
  "dead_allies_mean_T": [
    150
  ],
  "dead_enemies_mean": [
    0.0
  ],
  "dead_enemies_mean_T": [
    150
  ],
  "ep_length_mean": [
    150.0
  ],
  "ep_length_mean_T": [
    150
  ],
  "epsilon": [
    1.0
  ],
  "epsilon_T": [
    150
  ],
  "model_loss": [
    1.7863926887512207
  ],
  "model_loss_T": [
    3032
  ],
  "repr_loss": [
    1.9743595123291016
  ],
  "repr_loss_T": [
    3032
  ],
  "return_mean": [
    {
      "dtype": "float64",
      "py/object": "numpy.float64",
      "value": 1.900913292253528
    }
  ],
  "return_mean_T": [
    150
  ],
  "return_std": [
    {
      "dtype": "float64",
      "py/object": "numpy.float64",
      "value": 0.0
    }
  ],
  "return_std_T": [
    150
  ],
  "rew_pred_loss": [
    0.024496302008628845
  ],
  "rew_pred_loss_T": [
    3032
  ],
  "test_battle_won_mean": [
    0.04
  ],
  "test_battle_won_mean_T": [
    150
  ],
  "test_dead_allies_mean": [
    3.86
  ],
  "test_dead_allies_mean_T": [
    150
  ],
  "test_dead_enemies_mean": [
    0.04
  ],
  "test_dead_enemies_mean_T": [
    150
  ],
  "test_ep_length_mean": [
    101.58
  ],
  "test_ep_length_mean_T": [
    150
  ],
  "test_return_mean": [
    {
      "dtype": "float64",
      "py/object": "numpy.float64",
      "value": 8.557518568441886
    }
  ],
  "test_return_mean_T": [
    150
  ],
  "test_return_std": [
    {
      "dtype": "float64",
      "py/object": "numpy.float64",
      "value": 3.530396729773985
    }
  ],
  "test_return_std_T": [
    150
  ],
  "vae_loss": [
    0.16347052156925201
  ],
  "vae_loss_T": [
    3032
  ]
}