{
  "battle_won_mean": {
    "steps": [
      150
    ],
    "timestamps": [
      "2023-12-01T16:26:19.502296"
    ],
    "values": [
      0.0
    ]
  },
  "dead_allies_mean": {
    "steps": [
      150
    ],
    "timestamps": [
      "2023-12-01T16:26:19.502214"
    ],
    "values": [
      3.0
    ]
  },
  "dead_enemies_mean": {
    "steps": [
      150
    ],
    "timestamps": [
      "2023-12-01T16:26:19.502126"
    ],
    "values": [
      0.0
    ]
  },
  "ep_length_mean": {
    "steps": [
      150
    ],
    "timestamps": [
      "2023-12-01T16:26:19.502374"
    ],
    "values": [
      150.0
    ]
  },
  "epsilon": {
    "steps": [
      150
    ],
    "timestamps": [
      "2023-12-01T16:26:19.502452"
    ],
    "values": [
      1.0
    ]
  },
  "model_loss": {
    "steps": [
      3032
    ],
    "timestamps": [
      "2023-12-01T16:30:55.047045"
    ],
    "values": [
      1.7863926887512207
    ]
  },
  "repr_loss": {
    "steps": [
      3032
    ],
    "timestamps": [
      "2023-12-01T16:30:55.046718"
    ],
    "values": [
      1.9743595123291016
    ]
  },
  "return_mean": {
    "steps": [
      150
    ],
    "timestamps": [
      "2023-12-01T16:26:19.501136"
    ],
    "values": [
      1.900913292253528
    ]
  },
  "return_std": {
    "steps": [
      150
    ],
    "timestamps": [
      "2023-12-01T16:26:19.502013"
    ],
    "values": [
      0.0
    ]
  },
  "rew_pred_loss": {
    "steps": [
      3032
    ],
    "timestamps": [
      "2023-12-01T16:30:55.047125"
    ],
    "values": [
      0.024496302008628845
    ]
  },
  "test_battle_won_mean": {
    "steps": [
      150
    ],
    "timestamps": [
      "2023-12-01T16:29:57.604691"
    ],
    "values": [
      0.04
    ]
  },
  "test_dead_allies_mean": {
    "steps": [
      150
    ],
    "timestamps": [
      "2023-12-01T16:29:57.604566"
    ],
    "values": [
      3.86
    ]
  },
  "test_dead_enemies_mean": {
    "steps": [
      150
    ],
    "timestamps": [
      "2023-12-01T16:29:57.604423"
    ],
    "values": [
      0.04
    ]
  },
  "test_ep_length_mean": {
    "steps": [
      150
    ],
    "timestamps": [
      "2023-12-01T16:29:57.604803"
    ],
    "values": [
      101.58
    ]
  },
  "test_return_mean": {
    "steps": [
      150
    ],
    "timestamps": [
      "2023-12-01T16:29:57.603416"
    ],
    "values": [
      8.557518568441886
    ]
  },
  "test_return_std": {
    "steps": [
      150
    ],
    "timestamps": [
      "2023-12-01T16:29:57.604265"
    ],
    "values": [
      3.530396729773985
    ]
  },
  "vae_loss": {
    "steps": [
      3032
    ],
    "timestamps": [
      "2023-12-01T16:30:55.046954"
    ],
    "values": [
      0.16347052156925201
    ]
  }
}