{
  "artifacts": [],
  "command": "my_main",
  "experiment": {
    "base_dir": "/home/hp/masia/src",
    "dependencies": [
      "numpy==1.24.4",
      "PyYAML==5.4.1",
      "sacred==0.8.5",
      "torch==2.1.0"
    ],
    "mainfile": "main.py",
    "name": "pymarl",
    "repositories": [
      {
        "commit": "f6e23bce37ea00df8d4b568d4de043fccfdacdab",
        "dirty": true,
        "url": "https://github.com/chenf-ai/Multi-Agent-Communication-Considering-Representation-Learning.git"
      },
      {
        "commit": "f6e23bce37ea00df8d4b568d4de043fccfdacdab",
        "dirty": true,
        "url": "https://github.com/chenf-ai/Multi-Agent-Communication-Considering-Representation-Learning.git"
      },
      {
        "commit": "f6e23bce37ea00df8d4b568d4de043fccfdacdab",
        "dirty": true,
        "url": "https://github.com/chenf-ai/Multi-Agent-Communication-Considering-Representation-Learning.git"
      },
      {
        "commit": "f6e23bce37ea00df8d4b568d4de043fccfdacdab",
        "dirty": true,
        "url": "https://github.com/chenf-ai/Multi-Agent-Communication-Considering-Representation-Learning.git"
      }
    ],
    "sources": [
      [
        "main.py",
        "_sources/main_543746f93e4154385cf2b5624dad0b7e.py"
      ],
      [
        "msra_run.py",
        "_sources/msra_run_b9ec5273e70a69f39bb29d4d0e7c8299.py"
      ],
      [
        "run.py",
        "_sources/run_0d2dfbe8facb6f401179fc5ec2829f8f.py"
      ],
      [
        "utils/logging.py",
        "_sources/logging_8309e899ab76a4e610428ba7ee8d8acb.py"
      ]
    ]
  },
  "fail_trace": [
    "Traceback (most recent call last):\n",
    "  File \"/home/hp/anaconda3/envs/masia/lib/python3.8/site-packages/sacred/config/captured_function.py\", line 42, in captured_function\n    result = wrapped(*args, **kwargs)\n",
    "  File \"src/main.py\", line 40, in my_main\n    msra_run(_run, config, _log)\n",
    "  File \"/home/hp/masia/src/msra_run.py\", line 130, in msra_run\n    run_sequential(args=args, logger=logger)\n",
    "  File \"/home/hp/masia/src/msra_run.py\", line 319, in run_sequential\n    learner.train(episode_sample, runner.t_env, episode)\n",
    "  File \"/home/hp/masia/src/learners/masia_learner.py\", line 287, in train\n    self.rl_train(batch, t_env, episode_num, repr_loss)\n",
    "  File \"/home/hp/masia/src/learners/masia_learner.py\", line 212, in rl_train\n    target_agent_outs = self.target_mac.rl_forward(batch, state_repr_t, t=t)\n",
    "  File \"/home/hp/masia/src/controllers/masia_controller.py\", line 48, in rl_forward\n    agent_outs, self.hidden_states = self.agent.rl_forward(agent_inputs, state_repr, self.hidden_states)\n",
    "  File \"/home/hp/masia/src/modules/agents/masia_agent.py\", line 169, in rl_forward\n    weighted = F.sigmoid(self.gate(inputs)) # [bs*n_agents, state_repre_dim]\n",
    "  File \"/home/hp/anaconda3/envs/masia/lib/python3.8/site-packages/torch/nn/modules/module.py\", line 1518, in _wrapped_call_impl\n    return self._call_impl(*args, **kwargs)\n",
    "  File \"/home/hp/anaconda3/envs/masia/lib/python3.8/site-packages/torch/nn/modules/module.py\", line 1527, in _call_impl\n    return forward_call(*args, **kwargs)\n",
    "  File \"/home/hp/anaconda3/envs/masia/lib/python3.8/site-packages/torch/nn/modules/linear.py\", line 114, in forward\n    return F.linear(input, self.weight, self.bias)\n",
    "torch.cuda.OutOfMemoryError: CUDA out of memory. Tried to allocate 2.00 MiB. GPU 0 has a total capacty of 11.90 GiB of which 1.62 MiB is free. Process 25036 has 5.28 GiB memory in use. Process 29553 has 5.37 GiB memory in use. Including non-PyTorch memory, this process has 572.00 MiB memory in use. Process 12924 has 200.00 MiB memory in use. Process 13601 has 306.00 MiB memory in use. Process 13870 has 200.00 MiB memory in use. Of the allocated memory 377.84 MiB is allocated by PyTorch, and 22.16 MiB is reserved by PyTorch but unallocated. If reserved but unallocated memory is large try setting max_split_size_mb to avoid fragmentation.  See documentation for Memory Management and PYTORCH_CUDA_ALLOC_CONF\n"
  ],
  "heartbeat": "2023-12-01T16:31:01.435305",
  "host": {
    "ENV": {},
    "cpu": "Intel(R) Xeon(R) Silver 4114 CPU @ 2.20GHz",
    "gpus": {
      "driver_version": "535.104.05",
      "gpus": [
        {
          "model": "NVIDIA TITAN Xp",
          "persistence_mode": false,
          "total_memory": 12288
        },
        {
          "model": "NVIDIA TITAN Xp",
          "persistence_mode": false,
          "total_memory": 12288
        },
        {
          "model": "NVIDIA TITAN Xp",
          "persistence_mode": false,
          "total_memory": 12288
        }
      ]
    },
    "hostname": "bigdata-2",
    "os": [
      "Linux",
      "Linux-4.15.0-142-generic-x86_64-with-glibc2.10"
    ],
    "python_version": "3.8.0"
  },
  "meta": {
    "command": "my_main",
    "config_updates": {
      "env_args": {
        "map_name": "5z_vs_1ul"
      }
    },
    "named_configs": [],
    "options": {
      "--beat-interval": null,
      "--capture": null,
      "--comment": null,
      "--debug": false,
      "--enforce_clean": false,
      "--file_storage": null,
      "--force": false,
      "--help": false,
      "--id": null,
      "--loglevel": null,
      "--mongo_db": null,
      "--name": null,
      "--pdb": false,
      "--print-config": false,
      "--priority": null,
      "--queue": false,
      "--s3": null,
      "--sql": null,
      "--tiny_db": null,
      "--unobserved": false,
      "COMMAND": null,
      "UPDATE": [
        "env_args.map_name=5z_vs_1ul"
      ],
      "help": false,
      "with": true
    }
  },
  "resources": [],
  "result": null,
  "start_time": "2023-12-01T16:22:40.042785",
  "status": "FAILED",
  "stop_time": "2023-12-01T16:31:01.441289"
}