{
  "battle_won_mean": {
    "steps": [
      150
    ],
    "timestamps": [
      "2023-11-28T17:13:52.042848"
    ],
    "values": [
      0.0
    ]
  },
  "dead_allies_mean": {
    "steps": [
      150
    ],
    "timestamps": [
      "2023-11-28T17:13:52.042729"
    ],
    "values": [
      3.0
    ]
  },
  "dead_enemies_mean": {
    "steps": [
      150
    ],
    "timestamps": [
      "2023-11-28T17:13:52.042607"
    ],
    "values": [
      0.0
    ]
  },
  "ep_length_mean": {
    "steps": [
      150
    ],
    "timestamps": [
      "2023-11-28T17:13:52.042969"
    ],
    "values": [
      150.0
    ]
  },
  "epsilon": {
    "steps": [
      150
    ],
    "timestamps": [
      "2023-11-28T17:13:52.043086"
    ],
    "values": [
      1.0
    ]
  },
  "grad_norm": {
    "steps": [
      3141
    ],
    "timestamps": [
      "2023-11-28T17:16:17.901070"
    ],
    "values": [
      4.409040451049805
    ]
  },
  "model_loss": {
    "steps": [
      3141
    ],
    "timestamps": [
      "2023-11-28T17:16:16.674257"
    ],
    "values": [
      0.8788541555404663
    ]
  },
  "q_taken_mean": {
    "steps": [
      3141
    ],
    "timestamps": [
      "2023-11-28T17:16:17.903258"
    ],
    "values": [
      0.0677675224724411
    ]
  },
  "repr_loss": {
    "steps": [
      3141
    ],
    "timestamps": [
      "2023-11-28T17:16:16.673936"
    ],
    "values": [
      1.0432037115097046
    ]
  },
  "return_mean": {
    "steps": [
      150
    ],
    "timestamps": [
      "2023-11-28T17:13:52.041839"
    ],
    "values": [
      2.061743507922538
    ]
  },
  "return_std": {
    "steps": [
      150
    ],
    "timestamps": [
      "2023-11-28T17:13:52.042456"
    ],
    "values": [
      0.0
    ]
  },
  "rew_pred_loss": {
    "steps": [
      3141
    ],
    "timestamps": [
      "2023-11-28T17:16:16.674347"
    ],
    "values": [
      0.018024511635303497
    ]
  },
  "rl_loss": {
    "steps": [
      3141
    ],
    "timestamps": [
      "2023-11-28T17:16:17.900824"
    ],
    "values": [
      1.6220351457595825
    ]
  },
  "target_mean": {
    "steps": [
      3141
    ],
    "timestamps": [
      "2023-11-28T17:16:17.904145"
    ],
    "values": [
      0.11496959007382203
    ]
  },
  "td_error_abs": {
    "steps": [
      3141
    ],
    "timestamps": [
      "2023-11-28T17:16:17.902445"
    ],
    "values": [
      0.42280721922506764
    ]
  },
  "test_battle_won_mean": {
    "steps": [
      150
    ],
    "timestamps": [
      "2023-11-28T17:15:38.127197"
    ],
    "values": [
      0.04
    ]
  },
  "test_dead_allies_mean": {
    "steps": [
      150
    ],
    "timestamps": [
      "2023-11-28T17:15:38.127116"
    ],
    "values": [
      3.9
    ]
  },
  "test_dead_enemies_mean": {
    "steps": [
      150
    ],
    "timestamps": [
      "2023-11-28T17:15:38.127028"
    ],
    "values": [
      0.04
    ]
  },
  "test_ep_length_mean": {
    "steps": [
      150
    ],
    "timestamps": [
      "2023-11-28T17:15:38.127276"
    ],
    "values": [
      98.33
    ]
  },
  "test_return_mean": {
    "steps": [
      150
    ],
    "timestamps": [
      "2023-11-28T17:15:38.126461"
    ],
    "values": [
      8.56572306888203
    ]
  },
  "test_return_std": {
    "steps": [
      150
    ],
    "timestamps": [
      "2023-11-28T17:15:38.126919"
    ],
    "values": [
      3.4395192604783937
    ]
  },
  "tot_loss": {
    "steps": [
      3141
    ],
    "timestamps": [
      "2023-11-28T17:16:17.900976"
    ],
    "values": [
      2.665238857269287
    ]
  },
  "vae_loss": {
    "steps": [
      3141
    ],
    "timestamps": [
      "2023-11-28T17:16:16.674149"
    ],
    "values": [
      0.14632493257522583
    ]
  }
}