{
  "battle_won_mean": [
    0.0,
    0.26
  ],
  "battle_won_mean_T": [
    40,
    10040
  ],
  "ep_length_mean": [
    40.0,
    40.0
  ],
  "ep_length_mean_T": [
    40,
    10040
  ],
  "episode": [
    250
  ],
  "episode_T": [
    10000
  ],
  "epsilon": [
    1.0,
    0.81
  ],
  "epsilon_T": [
    40,
    10040
  ],
  "grad_norm": [
    29.455089569091797,
    126.13996124267578
  ],
  "grad_norm_T": [
    1280,
    11280
  ],
  "model_loss": [
    1.6615195274353027,
    0.21138852834701538
  ],
  "model_loss_T": [
    1280,
    11280
  ],
  "q_taken_mean": [
    -0.010908502340316772,
    -0.022069854736328123
  ],
  "q_taken_mean_T": [
    1280,
    11280
  ],
  "repr_loss": [
    243.9039306640625,
    192.799560546875
  ],
  "repr_loss_T": [
    1280,
    11280
  ],
  "return_mean": [
    {
      "dtype": "float64",
      "py/object": "numpy.float64",
      "value": -234.38000000000005
    },
    {
      "dtype": "float64",
      "py/object": "numpy.float64",
      "value": -128.38860000000003
    }
  ],
  "return_mean_T": [
    40,
    10040
  ],
  "return_std": [
    {
      "dtype": "float64",
      "py/object": "numpy.float64",
      "value": 0.0
    },
    {
      "dtype": "float64",
      "py/object": "numpy.float64",
      "value": 131.63729641723884
    }
  ],
  "return_std_T": [
    40,
    10040
  ],
  "rew_pred_loss": [
    242.21458435058594,
    192.57278442382812
  ],
  "rew_pred_loss_T": [
    1280,
    11280
  ],
  "rl_loss": [
    1.0066884756088257,
    0.451944500207901
  ],
  "rl_loss_T": [
    1280,
    11280
  ],
  "target_mean": [
    -0.008353129625320435,
    -0.02691556215286255
  ],
  "target_mean_T": [
    1280,
    11280
  ],
  "td_error_abs": [
    0.674092435836792,
    0.4069214344024658
  ],
  "td_error_abs_T": [
    1280,
    11280
  ],
  "test_battle_won_mean": [
    0.0,
    0.225
  ],
  "test_battle_won_mean_T": [
    40,
    10040
  ],
  "test_ep_length_mean": [
    40.0,
    40.0
  ],
  "test_ep_length_mean_T": [
    40,
    10040
  ],
  "test_return_mean": [
    {
      "dtype": "float64",
      "py/object": "numpy.float64",
      "value": -630.63375
    },
    {
      "dtype": "float64",
      "py/object": "numpy.float64",
      "value": -163.748
    }
  ],
  "test_return_mean_T": [
    40,
    10040
  ],
  "test_return_std": [
    {
      "dtype": "float64",
      "py/object": "numpy.float64",
      "value": 306.9556322637484
    },
    {
      "dtype": "float64",
      "py/object": "numpy.float64",
      "value": 143.39648812296625
    }
  ],
  "test_return_std_T": [
    40,
    10040
  ],
  "tot_loss": [
    244.91061401367188,
    193.2515106201172
  ],
  "tot_loss_T": [
    1280,
    11280
  ],
  "vae_loss": [
    0.027833562344312668,
    0.015381582081317902
  ],
  "vae_loss_T": [
    1280,
    11280
  ]
}