{
  "battle_won_mean": {
    "steps": [
      40,
      10040
    ],
    "timestamps": [
      "2023-10-22T13:37:13.538581",
      "2023-10-22T13:38:17.871001"
    ],
    "values": [
      0.0,
      0.26
    ]
  },
  "ep_length_mean": {
    "steps": [
      40,
      10040
    ],
    "timestamps": [
      "2023-10-22T13:37:13.538608",
      "2023-10-22T13:38:17.871021"
    ],
    "values": [
      40.0,
      40.0
    ]
  },
  "episode": {
    "steps": [
      10000
    ],
    "timestamps": [
      "2023-10-22T13:38:17.776965"
    ],
    "values": [
      250
    ]
  },
  "epsilon": {
    "steps": [
      40,
      10040
    ],
    "timestamps": [
      "2023-10-22T13:37:13.538771",
      "2023-10-22T13:38:17.871040"
    ],
    "values": [
      1.0,
      0.81
    ]
  },
  "grad_norm": {
    "steps": [
      1280,
      11280
    ],
    "timestamps": [
      "2023-10-22T13:37:20.696589",
      "2023-10-22T13:38:29.697821"
    ],
    "values": [
      29.455089569091797,
      126.13996124267578
    ]
  },
  "model_loss": {
    "steps": [
      1280,
      11280
    ],
    "timestamps": [
      "2023-10-22T13:37:20.527737",
      "2023-10-22T13:38:29.575219"
    ],
    "values": [
      1.6615195274353027,
      0.21138852834701538
    ]
  },
  "q_taken_mean": {
    "steps": [
      1280,
      11280
    ],
    "timestamps": [
      "2023-10-22T13:37:20.697024",
      "2023-10-22T13:38:29.698468"
    ],
    "values": [
      -0.010908502340316772,
      -0.022069854736328123
    ]
  },
  "repr_loss": {
    "steps": [
      1280,
      11280
    ],
    "timestamps": [
      "2023-10-22T13:37:20.527582",
      "2023-10-22T13:38:29.575081"
    ],
    "values": [
      243.9039306640625,
      192.799560546875
    ]
  },
  "return_mean": {
    "steps": [
      40,
      10040
    ],
    "timestamps": [
      "2023-10-22T13:37:13.538381",
      "2023-10-22T13:38:17.870849"
    ],
    "values": [
      -234.38000000000005,
      -128.38860000000003
    ]
  },
  "return_std": {
    "steps": [
      40,
      10040
    ],
    "timestamps": [
      "2023-10-22T13:37:13.538537",
      "2023-10-22T13:38:17.870972"
    ],
    "values": [
      0.0,
      131.63729641723884
    ]
  },
  "rew_pred_loss": {
    "steps": [
      1280,
      11280
    ],
    "timestamps": [
      "2023-10-22T13:37:20.527787",
      "2023-10-22T13:38:29.575264"
    ],
    "values": [
      242.21458435058594,
      192.57278442382812
    ]
  },
  "rl_loss": {
    "steps": [
      1280,
      11280
    ],
    "timestamps": [
      "2023-10-22T13:37:20.696377",
      "2023-10-22T13:38:29.697671"
    ],
    "values": [
      1.0066884756088257,
      0.451944500207901
    ]
  },
  "target_mean": {
    "steps": [
      1280,
      11280
    ],
    "timestamps": [
      "2023-10-22T13:37:20.697181",
      "2023-10-22T13:38:29.698560"
    ],
    "values": [
      -0.008353129625320435,
      -0.02691556215286255
    ]
  },
  "td_error_abs": {
    "steps": [
      1280,
      11280
    ],
    "timestamps": [
      "2023-10-22T13:37:20.696862",
      "2023-10-22T13:38:29.698344"
    ],
    "values": [
      0.674092435836792,
      0.4069214344024658
    ]
  },
  "test_battle_won_mean": {
    "steps": [
      40,
      10040
    ],
    "timestamps": [
      "2023-10-22T13:37:17.457861",
      "2023-10-22T13:38:21.942833"
    ],
    "values": [
      0.0,
      0.225
    ]
  },
  "test_ep_length_mean": {
    "steps": [
      40,
      10040
    ],
    "timestamps": [
      "2023-10-22T13:37:17.457881",
      "2023-10-22T13:38:21.942853"
    ],
    "values": [
      40.0,
      40.0
    ]
  },
  "test_return_mean": {
    "steps": [
      40,
      10040
    ],
    "timestamps": [
      "2023-10-22T13:37:17.457724",
      "2023-10-22T13:38:21.942703"
    ],
    "values": [
      -630.63375,
      -163.748
    ]
  },
  "test_return_std": {
    "steps": [
      40,
      10040
    ],
    "timestamps": [
      "2023-10-22T13:37:17.457834",
      "2023-10-22T13:38:21.942807"
    ],
    "values": [
      306.9556322637484,
      143.39648812296625
    ]
  },
  "tot_loss": {
    "steps": [
      1280,
      11280
    ],
    "timestamps": [
      "2023-10-22T13:37:20.696507",
      "2023-10-22T13:38:29.697762"
    ],
    "values": [
      244.91061401367188,
      193.2515106201172
    ]
  },
  "vae_loss": {
    "steps": [
      1280,
      11280
    ],
    "timestamps": [
      "2023-10-22T13:37:20.527682",
      "2023-10-22T13:38:29.575169"
    ],
    "values": [
      0.027833562344312668,
      0.015381582081317902
    ]
  }
}