{
  "battle_won_mean": [
    0.0
  ],
  "battle_won_mean_T": [
    17
  ],
  "ep_length_mean": [
    17.0
  ],
  "ep_length_mean_T": [
    17
  ],
  "epsilon": [
    1.0
  ],
  "epsilon_T": [
    17
  ],
  "return_mean": [
    {
      "dtype": "float64",
      "py/object": "numpy.float64",
      "value": 0.0
    }
  ],
  "return_mean_T": [
    17
  ],
  "return_std": [
    {
      "dtype": "float64",
      "py/object": "numpy.float64",
      "value": 0.0
    }
  ],
  "return_std_T": [
    17
  ],
  "win_group_mean": [
    0.0
  ],
  "win_group_mean_T": [
    17
  ]
}