{
  "battle_won_mean": {
    "steps": [
      17
    ],
    "timestamps": [
      "2023-12-07T19:35:26.003422"
    ],
    "values": [
      0.0
    ]
  },
  "ep_length_mean": {
    "steps": [
      17
    ],
    "timestamps": [
      "2023-12-07T19:35:26.003550"
    ],
    "values": [
      17.0
    ]
  },
  "epsilon": {
    "steps": [
      17
    ],
    "timestamps": [
      "2023-12-07T19:35:26.003658"
    ],
    "values": [
      1.0
    ]
  },
  "return_mean": {
    "steps": [
      17
    ],
    "timestamps": [
      "2023-12-07T19:35:26.002926"
    ],
    "values": [
      0.0
    ]
  },
  "return_std": {
    "steps": [
      17
    ],
    "timestamps": [
      "2023-12-07T19:35:26.003334"
    ],
    "values": [
      0.0
    ]
  },
  "win_group_mean": {
    "steps": [
      17
    ],
    "timestamps": [
      "2023-12-07T19:35:26.003489"
    ],
    "values": [
      0.0
    ]
  }
}