{
  "battle_won_mean": [
    0.0
  ],
  "battle_won_mean_T": [
    3
  ],
  "ep_length_mean": [
    3.0
  ],
  "ep_length_mean_T": [
    3
  ],
  "epsilon": [
    1.0
  ],
  "epsilon_T": [
    3
  ],
  "grad_norm": [
    37810.3984375
  ],
  "grad_norm_T": [
    210
  ],
  "inverse_model_loss": [
    10.069635391235352
  ],
  "inverse_model_loss_T": [
    210
  ],
  "model_loss": [
    1.2780709266662598
  ],
  "model_loss_T": [
    210
  ],
  "q_taken_mean": [
    5.170029296875
  ],
  "q_taken_mean_T": [
    210
  ],
  "repr_loss": [
    51.87156677246094
  ],
  "repr_loss_T": [
    210
  ],
  "return_mean": [
    {
      "dtype": "float64",
      "py/object": "numpy.float64",
      "value": 0.0
    }
  ],
  "return_mean_T": [
    3
  ],
  "return_std": [
    {
      "dtype": "float64",
      "py/object": "numpy.float64",
      "value": 0.0
    }
  ],
  "return_std_T": [
    3
  ],
  "rew_pred_loss": [
    0.07674822211265564
  ],
  "rew_pred_loss_T": [
    210
  ],
  "rl_loss": [
    1333.385986328125
  ],
  "rl_loss_T": [
    210
  ],
  "target_mean": [
    9.010314360119047
  ],
  "target_mean_T": [
    210
  ],
  "td_error_abs": [
    27.346316964285716
  ],
  "td_error_abs_T": [
    210
  ],
  "test_battle_won_mean": [
    0.0
  ],
  "test_battle_won_mean_T": [
    3
  ],
  "test_ep_length_mean": [
    3.08
  ],
  "test_ep_length_mean_T": [
    3
  ],
  "test_return_mean": [
    {
      "dtype": "float64",
      "py/object": "numpy.float64",
      "value": 0.0
    }
  ],
  "test_return_mean_T": [
    3
  ],
  "test_return_std": [
    {
      "dtype": "float64",
      "py/object": "numpy.float64",
      "value": 0.0
    }
  ],
  "test_return_std_T": [
    3
  ],
  "tot_loss": [
    1385.257568359375
  ],
  "tot_loss_T": [
    210
  ],
  "vae_loss": [
    40.447113037109375
  ],
  "vae_loss_T": [
    210
  ]
}