{
  "battle_won_mean": {
    "steps": [
      3
    ],
    "timestamps": [
      "2023-12-07T19:29:23.809235"
    ],
    "values": [
      0.0
    ]
  },
  "ep_length_mean": {
    "steps": [
      3
    ],
    "timestamps": [
      "2023-12-07T19:29:23.809300"
    ],
    "values": [
      3.0
    ]
  },
  "epsilon": {
    "steps": [
      3
    ],
    "timestamps": [
      "2023-12-07T19:29:23.809363"
    ],
    "values": [
      1.0
    ]
  },
  "grad_norm": {
    "steps": [
      210
    ],
    "timestamps": [
      "2023-12-07T19:29:27.571108"
    ],
    "values": [
      37810.3984375
    ]
  },
  "inverse_model_loss": {
    "steps": [
      210
    ],
    "timestamps": [
      "2023-12-07T19:29:27.136371"
    ],
    "values": [
      10.069635391235352
    ]
  },
  "model_loss": {
    "steps": [
      210
    ],
    "timestamps": [
      "2023-12-07T19:29:27.136225"
    ],
    "values": [
      1.2780709266662598
    ]
  },
  "q_taken_mean": {
    "steps": [
      210
    ],
    "timestamps": [
      "2023-12-07T19:29:27.571858"
    ],
    "values": [
      5.170029296875
    ]
  },
  "repr_loss": {
    "steps": [
      210
    ],
    "timestamps": [
      "2023-12-07T19:29:27.135945"
    ],
    "values": [
      51.87156677246094
    ]
  },
  "return_mean": {
    "steps": [
      3
    ],
    "timestamps": [
      "2023-12-07T19:29:23.808834"
    ],
    "values": [
      0.0
    ]
  },
  "return_std": {
    "steps": [
      3
    ],
    "timestamps": [
      "2023-12-07T19:29:23.809153"
    ],
    "values": [
      0.0
    ]
  },
  "rew_pred_loss": {
    "steps": [
      210
    ],
    "timestamps": [
      "2023-12-07T19:29:27.136300"
    ],
    "values": [
      0.07674822211265564
    ]
  },
  "rl_loss": {
    "steps": [
      210
    ],
    "timestamps": [
      "2023-12-07T19:29:27.570844"
    ],
    "values": [
      1333.385986328125
    ]
  },
  "target_mean": {
    "steps": [
      210
    ],
    "timestamps": [
      "2023-12-07T19:29:27.572173"
    ],
    "values": [
      9.010314360119047
    ]
  },
  "td_error_abs": {
    "steps": [
      210
    ],
    "timestamps": [
      "2023-12-07T19:29:27.571568"
    ],
    "values": [
      27.346316964285716
    ]
  },
  "test_battle_won_mean": {
    "steps": [
      3
    ],
    "timestamps": [
      "2023-12-07T19:29:25.830698"
    ],
    "values": [
      0.0
    ]
  },
  "test_ep_length_mean": {
    "steps": [
      3
    ],
    "timestamps": [
      "2023-12-07T19:29:25.830770"
    ],
    "values": [
      3.08
    ]
  },
  "test_return_mean": {
    "steps": [
      3
    ],
    "timestamps": [
      "2023-12-07T19:29:25.830158"
    ],
    "values": [
      0.0
    ]
  },
  "test_return_std": {
    "steps": [
      3
    ],
    "timestamps": [
      "2023-12-07T19:29:25.830611"
    ],
    "values": [
      0.0
    ]
  },
  "tot_loss": {
    "steps": [
      210
    ],
    "timestamps": [
      "2023-12-07T19:29:27.571004"
    ],
    "values": [
      1385.257568359375
    ]
  },
  "vae_loss": {
    "steps": [
      210
    ],
    "timestamps": [
      "2023-12-07T19:29:27.136140"
    ],
    "values": [
      40.447113037109375
    ]
  }
}