{
  "artifacts": [],
  "command": "my_main",
  "experiment": {
    "base_dir": "/home/hp/masia/src",
    "dependencies": [
      "numpy==1.24.4",
      "PyYAML==5.4.1",
      "sacred==0.8.5",
      "torch==2.1.0"
    ],
    "mainfile": "main.py",
    "name": "pymarl",
    "repositories": [
      {
        "commit": "f6e23bce37ea00df8d4b568d4de043fccfdacdab",
        "dirty": true,
        "url": "https://github.com/chenf-ai/Multi-Agent-Communication-Considering-Representation-Learning.git"
      },
      {
        "commit": "f6e23bce37ea00df8d4b568d4de043fccfdacdab",
        "dirty": true,
        "url": "https://github.com/chenf-ai/Multi-Agent-Communication-Considering-Representation-Learning.git"
      },
      {
        "commit": "f6e23bce37ea00df8d4b568d4de043fccfdacdab",
        "dirty": true,
        "url": "https://github.com/chenf-ai/Multi-Agent-Communication-Considering-Representation-Learning.git"
      },
      {
        "commit": "f6e23bce37ea00df8d4b568d4de043fccfdacdab",
        "dirty": true,
        "url": "https://github.com/chenf-ai/Multi-Agent-Communication-Considering-Representation-Learning.git"
      }
    ],
    "sources": [
      [
        "main.py",
        "_sources/main_091256d0d87d422831562283f3c72683.py"
      ],
      [
        "msra_run.py",
        "_sources/msra_run_b9ec5273e70a69f39bb29d4d0e7c8299.py"
      ],
      [
        "run.py",
        "_sources/run_0d2dfbe8facb6f401179fc5ec2829f8f.py"
      ],
      [
        "utils/logging.py",
        "_sources/logging_8309e899ab76a4e610428ba7ee8d8acb.py"
      ]
    ]
  },
  "heartbeat": "2023-12-07T08:43:51.057871",
  "host": {
    "ENV": {},
    "cpu": "Intel(R) Xeon(R) Silver 4114 CPU @ 2.20GHz",
    "gpus": {
      "driver_version": "535.104.05",
      "gpus": [
        {
          "model": "NVIDIA TITAN Xp",
          "persistence_mode": false,
          "total_memory": 12288
        },
        {
          "model": "NVIDIA TITAN Xp",
          "persistence_mode": false,
          "total_memory": 12288
        },
        {
          "model": "NVIDIA TITAN Xp",
          "persistence_mode": false,
          "total_memory": 12288
        }
      ]
    },
    "hostname": "bigdata-2",
    "os": [
      "Linux",
      "Linux-4.15.0-142-generic-x86_64-with-glibc2.10"
    ],
    "python_version": "3.8.0"
  },
  "meta": {
    "command": "my_main",
    "config_updates": {},
    "named_configs": [],
    "options": {
      "--beat-interval": null,
      "--capture": null,
      "--comment": null,
      "--debug": false,
      "--enforce_clean": false,
      "--file_storage": null,
      "--force": false,
      "--help": false,
      "--id": null,
      "--loglevel": null,
      "--mongo_db": null,
      "--name": null,
      "--pdb": false,
      "--print-config": false,
      "--priority": null,
      "--queue": false,
      "--s3": null,
      "--sql": null,
      "--tiny_db": null,
      "--unobserved": false,
      "COMMAND": null,
      "UPDATE": [],
      "help": false,
      "with": false
    }
  },
  "resources": [],
  "result": null,
  "start_time": "2023-12-06T11:00:45.173782",
  "status": "COMPLETED",
  "stop_time": "2023-12-07T08:43:51.030179"
}