{
  "battle_won_mean": {
    "steps": [
      18
    ],
    "timestamps": [
      "2023-12-19T10:34:00.816497"
    ],
    "values": [
      0.0
    ]
  },
  "ep_length_mean": {
    "steps": [
      18
    ],
    "timestamps": [
      "2023-12-19T10:34:00.816575"
    ],
    "values": [
      18.0
    ]
  },
  "epsilon": {
    "steps": [
      18
    ],
    "timestamps": [
      "2023-12-19T10:34:00.816645"
    ],
    "values": [
      1.0
    ]
  },
  "grad_norm": {
    "steps": [
      211
    ],
    "timestamps": [
      "2023-12-19T10:34:12.056027"
    ],
    "values": [
      11287.4638671875
    ]
  },
  "model_loss": {
    "steps": [
      211
    ],
    "timestamps": [
      "2023-12-19T10:34:11.745749"
    ],
    "values": [
      2.248892307281494
    ]
  },
  "q_taken_mean": {
    "steps": [
      211
    ],
    "timestamps": [
      "2023-12-19T10:34:12.056529"
    ],
    "values": [
      6.87426931372186
    ]
  },
  "repr_loss": {
    "steps": [
      211
    ],
    "timestamps": [
      "2023-12-19T10:34:11.745533"
    ],
    "values": [
      23.73244285583496
    ]
  },
  "return_mean": {
    "steps": [
      18
    ],
    "timestamps": [
      "2023-12-19T10:34:00.815834"
    ],
    "values": [
      0.0
    ]
  },
  "return_std": {
    "steps": [
      18
    ],
    "timestamps": [
      "2023-12-19T10:34:00.816411"
    ],
    "values": [
      0.0
    ]
  },
  "rew_pred_loss": {
    "steps": [
      211
    ],
    "timestamps": [
      "2023-12-19T10:34:11.745820"
    ],
    "values": [
      0.016305457800626755
    ]
  },
  "rl_loss": {
    "steps": [
      211
    ],
    "timestamps": [
      "2023-12-19T10:34:12.055834"
    ],
    "values": [
      1041.927734375
    ]
  },
  "target_mean": {
    "steps": [
      211
    ],
    "timestamps": [
      "2023-12-19T10:34:12.056718"
    ],
    "values": [
      11.914016217417062
    ]
  },
  "td_error_abs": {
    "steps": [
      211
    ],
    "timestamps": [
      "2023-12-19T10:34:12.056348"
    ],
    "values": [
      27.637933667802134
    ]
  },
  "test_battle_won_mean": {
    "steps": [
      18,
      10026
    ],
    "timestamps": [
      "2023-12-19T10:34:10.424436",
      "2023-12-19T10:39:13.081889"
    ],
    "values": [
      0.0,
      0.0
    ]
  },
  "test_ep_length_mean": {
    "steps": [
      18,
      10026
    ],
    "timestamps": [
      "2023-12-19T10:34:10.424503",
      "2023-12-19T10:39:13.081948"
    ],
    "values": [
      20.0,
      20.0
    ]
  },
  "test_return_mean": {
    "steps": [
      18,
      10026
    ],
    "timestamps": [
      "2023-12-19T10:34:10.424022",
      "2023-12-19T10:39:13.081412"
    ],
    "values": [
      0.0,
      0.0
    ]
  },
  "test_return_std": {
    "steps": [
      18,
      10026
    ],
    "timestamps": [
      "2023-12-19T10:34:10.424353",
      "2023-12-19T10:39:13.081812"
    ],
    "values": [
      0.0,
      0.0
    ]
  },
  "tot_loss": {
    "steps": [
      211
    ],
    "timestamps": [
      "2023-12-19T10:34:12.055951"
    ],
    "values": [
      1065.66015625
    ]
  },
  "vae_loss": {
    "steps": [
      211
    ],
    "timestamps": [
      "2023-12-19T10:34:11.745665"
    ],
    "values": [
      21.46724510192871
    ]
  }
}