{
  "artifacts": [],
  "command": "my_main",
  "experiment": {
    "base_dir": "/home/hp/masia/src",
    "dependencies": [
      "numpy==1.24.4",
      "PyYAML==5.4.1",
      "sacred==0.8.5",
      "torch==2.1.0"
    ],
    "mainfile": "main.py",
    "name": "pymarl",
    "repositories": [
      {
        "commit": "f6e23bce37ea00df8d4b568d4de043fccfdacdab",
        "dirty": true,
        "url": "https://github.com/chenf-ai/Multi-Agent-Communication-Considering-Representation-Learning.git"
      },
      {
        "commit": "f6e23bce37ea00df8d4b568d4de043fccfdacdab",
        "dirty": true,
        "url": "https://github.com/chenf-ai/Multi-Agent-Communication-Considering-Representation-Learning.git"
      },
      {
        "commit": "f6e23bce37ea00df8d4b568d4de043fccfdacdab",
        "dirty": true,
        "url": "https://github.com/chenf-ai/Multi-Agent-Communication-Considering-Representation-Learning.git"
      },
      {
        "commit": "f6e23bce37ea00df8d4b568d4de043fccfdacdab",
        "dirty": true,
        "url": "https://github.com/chenf-ai/Multi-Agent-Communication-Considering-Representation-Learning.git"
      }
    ],
    "sources": [
      [
        "main.py",
        "_sources/main_916b68a9afebc76608fe29de611f8568.py"
      ],
      [
        "msra_run.py",
        "_sources/msra_run_b9ec5273e70a69f39bb29d4d0e7c8299.py"
      ],
      [
        "run.py",
        "_sources/run_0d2dfbe8facb6f401179fc5ec2829f8f.py"
      ],
      [
        "utils/logging.py",
        "_sources/logging_8309e899ab76a4e610428ba7ee8d8acb.py"
      ]
    ]
  },
  "fail_trace": [
    "Traceback (most recent call last):\n",
    "  File \"/home/hp/anaconda3/envs/masia/lib/python3.8/site-packages/sacred/config/captured_function.py\", line 42, in captured_function\n    result = wrapped(*args, **kwargs)\n",
    "  File \"src/main.py\", line 41, in my_main\n    msra_run(_run, config, _log)\n",
    "  File \"/home/hp/masia/src/msra_run.py\", line 130, in msra_run\n    run_sequential(args=args, logger=logger)\n",
    "  File \"/home/hp/masia/src/msra_run.py\", line 243, in run_sequential\n    learner = le_REGISTRY[args.learner](mac, latent_model, buffer.scheme, logger, args)\n",
    "  File \"/home/hp/masia/src/learners/masia_learner.py\", line 55, in __init__\n    self.rew_ms = RunningMeanStd(shape=(1,), device=device)\n",
    "  File \"/home/hp/masia/src/components/standarize_stream.py\", line 14, in __init__\n    self.mean = torch.zeros(shape, dtype=torch.float32, device=device)\n",
    "RuntimeError: CUDA error: out of memory\nCUDA kernel errors might be asynchronously reported at some other API call, so the stacktrace below might be incorrect.\nFor debugging consider passing CUDA_LAUNCH_BLOCKING=1.\nCompile with `TORCH_USE_CUDA_DSA` to enable device-side assertions.\n\n"
  ],
  "heartbeat": "2023-12-09T17:48:29.690185",
  "host": {
    "ENV": {},
    "cpu": "Intel(R) Xeon(R) Silver 4114 CPU @ 2.20GHz",
    "gpus": {
      "driver_version": "535.104.05",
      "gpus": [
        {
          "model": "NVIDIA TITAN Xp",
          "persistence_mode": false,
          "total_memory": 12288
        },
        {
          "model": "NVIDIA TITAN Xp",
          "persistence_mode": false,
          "total_memory": 12288
        },
        {
          "model": "NVIDIA TITAN Xp",
          "persistence_mode": false,
          "total_memory": 12288
        }
      ]
    },
    "hostname": "bigdata-2",
    "os": [
      "Linux",
      "Linux-4.15.0-142-generic-x86_64-with-glibc2.10"
    ],
    "python_version": "3.8.0"
  },
  "meta": {
    "command": "my_main",
    "config_updates": {},
    "named_configs": [],
    "options": {
      "--beat-interval": null,
      "--capture": null,
      "--comment": null,
      "--debug": false,
      "--enforce_clean": false,
      "--file_storage": null,
      "--force": false,
      "--help": false,
      "--id": null,
      "--loglevel": null,
      "--mongo_db": null,
      "--name": null,
      "--pdb": false,
      "--print-config": false,
      "--priority": null,
      "--queue": false,
      "--s3": null,
      "--sql": null,
      "--tiny_db": null,
      "--unobserved": false,
      "COMMAND": null,
      "UPDATE": [],
      "help": false,
      "with": false
    }
  },
  "resources": [],
  "result": null,
  "start_time": "2023-12-09T17:48:25.703138",
  "status": "FAILED",
  "stop_time": "2023-12-09T17:48:29.692490"
}