{
  "battle_won_mean": [
    1.0,
    0.22
  ],
  "battle_won_mean_T": [
    40,
    10040
  ],
  "ep_length_mean": [
    40.0,
    40.0
  ],
  "ep_length_mean_T": [
    40,
    10040
  ],
  "episode": [
    250
  ],
  "episode_T": [
    10000
  ],
  "epsilon": [
    1.0,
    0.81
  ],
  "epsilon_T": [
    40,
    10040
  ],
  "grad_norm": [
    26.76996612548828
  ],
  "grad_norm_T": [
    1280
  ],
  "model_loss": [
    1.4075207710266113
  ],
  "model_loss_T": [
    1280
  ],
  "q_taken_mean": [
    -0.012493348121643067
  ],
  "q_taken_mean_T": [
    1280
  ],
  "repr_loss": [
    204.82785034179688
  ],
  "repr_loss_T": [
    1280
  ],
  "return_mean": [
    {
      "dtype": "float64",
      "py/object": "numpy.float64",
      "value": -13.57
    },
    {
      "dtype": "float64",
      "py/object": "numpy.float64",
      "value": -154.864
    }
  ],
  "return_mean_T": [
    40,
    10040
  ],
  "return_std": [
    {
      "dtype": "float64",
      "py/object": "numpy.float64",
      "value": 0.0
    },
    {
      "dtype": "float64",
      "py/object": "numpy.float64",
      "value": 139.3320031579249
    }
  ],
  "return_std_T": [
    40,
    10040
  ],
  "rew_pred_loss": [
    203.3939208984375
  ],
  "rew_pred_loss_T": [
    1280
  ],
  "rl_loss": [
    1.0000157356262207
  ],
  "rl_loss_T": [
    1280
  ],
  "target_mean": [
    -0.007958022952079773
  ],
  "target_mean_T": [
    1280
  ],
  "td_error_abs": [
    0.6197275161743164
  ],
  "td_error_abs_T": [
    1280
  ],
  "test_battle_won_mean": [
    0.025,
    0.125
  ],
  "test_battle_won_mean_T": [
    40,
    10040
  ],
  "test_ep_length_mean": [
    40.0,
    40.0
  ],
  "test_ep_length_mean_T": [
    40,
    10040
  ],
  "test_return_mean": [
    {
      "dtype": "float64",
      "py/object": "numpy.float64",
      "value": -1077.1302500000002
    },
    {
      "dtype": "float64",
      "py/object": "numpy.float64",
      "value": -270.90175
    }
  ],
  "test_return_mean_T": [
    40,
    10040
  ],
  "test_return_std": [
    {
      "dtype": "float64",
      "py/object": "numpy.float64",
      "value": 580.9878384075157
    },
    {
      "dtype": "float64",
      "py/object": "numpy.float64",
      "value": 238.21331628277522
    }
  ],
  "test_return_std_T": [
    40,
    10040
  ],
  "tot_loss": [
    205.82786560058594
  ],
  "tot_loss_T": [
    1280
  ],
  "vae_loss": [
    0.026401877403259277
  ],
  "vae_loss_T": [
    1280
  ]
}