{
  "battle_won_mean": {
    "steps": [
      40,
      10040
    ],
    "timestamps": [
      "2023-10-18T10:56:05.509429",
      "2023-10-18T10:57:17.270069"
    ],
    "values": [
      1.0,
      0.22
    ]
  },
  "ep_length_mean": {
    "steps": [
      40,
      10040
    ],
    "timestamps": [
      "2023-10-18T10:56:05.509447",
      "2023-10-18T10:57:17.270087"
    ],
    "values": [
      40.0,
      40.0
    ]
  },
  "episode": {
    "steps": [
      10000
    ],
    "timestamps": [
      "2023-10-18T10:57:17.167241"
    ],
    "values": [
      250
    ]
  },
  "epsilon": {
    "steps": [
      40,
      10040
    ],
    "timestamps": [
      "2023-10-18T10:56:05.509463",
      "2023-10-18T10:57:17.270104"
    ],
    "values": [
      1.0,
      0.81
    ]
  },
  "grad_norm": {
    "steps": [
      1280
    ],
    "timestamps": [
      "2023-10-18T10:56:12.704583"
    ],
    "values": [
      26.76996612548828
    ]
  },
  "model_loss": {
    "steps": [
      1280
    ],
    "timestamps": [
      "2023-10-18T10:56:12.503915"
    ],
    "values": [
      1.4075207710266113
    ]
  },
  "q_taken_mean": {
    "steps": [
      1280
    ],
    "timestamps": [
      "2023-10-18T10:56:12.706499"
    ],
    "values": [
      -0.012493348121643067
    ]
  },
  "repr_loss": {
    "steps": [
      1280
    ],
    "timestamps": [
      "2023-10-18T10:56:12.503786"
    ],
    "values": [
      204.82785034179688
    ]
  },
  "return_mean": {
    "steps": [
      40,
      10040
    ],
    "timestamps": [
      "2023-10-18T10:56:05.509230",
      "2023-10-18T10:57:17.269916"
    ],
    "values": [
      -13.57,
      -154.864
    ]
  },
  "return_std": {
    "steps": [
      40,
      10040
    ],
    "timestamps": [
      "2023-10-18T10:56:05.509402",
      "2023-10-18T10:57:17.270041"
    ],
    "values": [
      0.0,
      139.3320031579249
    ]
  },
  "rew_pred_loss": {
    "steps": [
      1280
    ],
    "timestamps": [
      "2023-10-18T10:56:12.503959"
    ],
    "values": [
      203.3939208984375
    ]
  },
  "rl_loss": {
    "steps": [
      1280
    ],
    "timestamps": [
      "2023-10-18T10:56:12.704424"
    ],
    "values": [
      1.0000157356262207
    ]
  },
  "target_mean": {
    "steps": [
      1280
    ],
    "timestamps": [
      "2023-10-18T10:56:12.706618"
    ],
    "values": [
      -0.007958022952079773
    ]
  },
  "td_error_abs": {
    "steps": [
      1280
    ],
    "timestamps": [
      "2023-10-18T10:56:12.706293"
    ],
    "values": [
      0.6197275161743164
    ]
  },
  "test_battle_won_mean": {
    "steps": [
      40,
      10040
    ],
    "timestamps": [
      "2023-10-18T10:56:09.256594",
      "2023-10-18T10:57:21.704357"
    ],
    "values": [
      0.025,
      0.125
    ]
  },
  "test_ep_length_mean": {
    "steps": [
      40,
      10040
    ],
    "timestamps": [
      "2023-10-18T10:56:09.256613",
      "2023-10-18T10:57:21.704374"
    ],
    "values": [
      40.0,
      40.0
    ]
  },
  "test_return_mean": {
    "steps": [
      40,
      10040
    ],
    "timestamps": [
      "2023-10-18T10:56:09.256473",
      "2023-10-18T10:57:21.704199"
    ],
    "values": [
      -1077.1302500000002,
      -270.90175
    ]
  },
  "test_return_std": {
    "steps": [
      40,
      10040
    ],
    "timestamps": [
      "2023-10-18T10:56:09.256567",
      "2023-10-18T10:57:21.704329"
    ],
    "values": [
      580.9878384075157,
      238.21331628277522
    ]
  },
  "tot_loss": {
    "steps": [
      1280
    ],
    "timestamps": [
      "2023-10-18T10:56:12.704525"
    ],
    "values": [
      205.82786560058594
    ]
  },
  "vae_loss": {
    "steps": [
      1280
    ],
    "timestamps": [
      "2023-10-18T10:56:12.503866"
    ],
    "values": [
      0.026401877403259277
    ]
  }
}