{
  "battle_won_mean": [
    0.0
  ],
  "battle_won_mean_T": [
    10
  ],
  "ep_length_mean": [
    10.0
  ],
  "ep_length_mean_T": [
    10
  ],
  "epsilon": [
    1.0
  ],
  "epsilon_T": [
    10
  ],
  "grad_norm": [
    5245.61962890625
  ],
  "grad_norm_T": [
    206
  ],
  "inverse_model_loss": [
    8.010953903198242
  ],
  "inverse_model_loss_T": [
    206
  ],
  "model_loss": [
    1.8956644535064697
  ],
  "model_loss_T": [
    206
  ],
  "q_taken_mean": [
    6.446738233844053
  ],
  "q_taken_mean_T": [
    206
  ],
  "repr_loss": [
    36.68754196166992
  ],
  "repr_loss_T": [
    206
  ],
  "return_mean": [
    {
      "dtype": "float64",
      "py/object": "numpy.float64",
      "value": 0.0
    }
  ],
  "return_mean_T": [
    10
  ],
  "return_std": [
    {
      "dtype": "float64",
      "py/object": "numpy.float64",
      "value": 0.0
    }
  ],
  "return_std_T": [
    10
  ],
  "rew_pred_loss": [
    0.03063419833779335
  ],
  "rew_pred_loss_T": [
    206
  ],
  "rl_loss": [
    240.91961669921875
  ],
  "rl_loss_T": [
    206
  ],
  "target_mean": [
    7.860932285345874
  ],
  "target_mean_T": [
    206
  ],
  "td_error_abs": [
    11.710484773209952
  ],
  "td_error_abs_T": [
    206
  ],
  "test_battle_won_mean": [
    0.0
  ],
  "test_battle_won_mean_T": [
    10
  ],
  "test_ep_length_mean": [
    15.63
  ],
  "test_ep_length_mean_T": [
    10
  ],
  "test_return_mean": [
    {
      "dtype": "float64",
      "py/object": "numpy.float64",
      "value": 0.0
    }
  ],
  "test_return_mean_T": [
    10
  ],
  "test_return_std": [
    {
      "dtype": "float64",
      "py/object": "numpy.float64",
      "value": 0.0
    }
  ],
  "test_return_std_T": [
    10
  ],
  "tot_loss": [
    277.6071472167969
  ],
  "tot_loss_T": [
    206
  ],
  "vae_loss": [
    26.750289916992188
  ],
  "vae_loss_T": [
    206
  ]
}