{
  "battle_won_mean": {
    "steps": [
      60,
      10068
    ],
    "timestamps": [
      "2023-11-28T17:02:19.970557",
      "2023-11-28T17:07:30.780710"
    ],
    "values": [
      0.0,
      0.0
    ]
  },
  "dead_allies_mean": {
    "steps": [
      60,
      10068
    ],
    "timestamps": [
      "2023-11-28T17:02:19.970706",
      "2023-11-28T17:07:30.780783"
    ],
    "values": [
      5.0,
      4.416666666666667
    ]
  },
  "dead_enemies_mean": {
    "steps": [
      60,
      10068
    ],
    "timestamps": [
      "2023-11-28T17:02:19.970400",
      "2023-11-28T17:07:30.780632"
    ],
    "values": [
      0.0,
      0.0
    ]
  },
  "ep_length_mean": {
    "steps": [
      60,
      10068
    ],
    "timestamps": [
      "2023-11-28T17:02:19.970853",
      "2023-11-28T17:07:30.780851"
    ],
    "values": [
      60.0,
      92.66666666666667
    ]
  },
  "epsilon": {
    "steps": [
      60,
      10068
    ],
    "timestamps": [
      "2023-11-28T17:02:19.970997",
      "2023-11-28T17:07:30.780918"
    ],
    "values": [
      1.0,
      0.809772
    ]
  },
  "grad_norm": {
    "steps": [
      2846,
      12872
    ],
    "timestamps": [
      "2023-11-28T17:04:35.608821",
      "2023-11-28T17:08:41.701676"
    ],
    "values": [
      5.886208534240723,
      0.43550124764442444
    ]
  },
  "model_loss": {
    "steps": [
      2846,
      12872
    ],
    "timestamps": [
      "2023-11-28T17:04:34.502941",
      "2023-11-28T17:08:40.817988"
    ],
    "values": [
      1.4855473041534424,
      0.0034951779525727034
    ]
  },
  "q_taken_mean": {
    "steps": [
      2846,
      12872
    ],
    "timestamps": [
      "2023-11-28T17:04:35.609790",
      "2023-11-28T17:08:41.705776"
    ],
    "values": [
      0.013411092322557976,
      0.06757037188555744
    ]
  },
  "repr_loss": {
    "steps": [
      2846,
      12872
    ],
    "timestamps": [
      "2023-11-28T17:04:34.502679",
      "2023-11-28T17:08:40.817753"
    ],
    "values": [
      1.7485029697418213,
      0.10644373297691345
    ]
  },
  "return_mean": {
    "steps": [
      60,
      10068
    ],
    "timestamps": [
      "2023-11-28T17:02:19.969434",
      "2023-11-28T17:07:30.780211"
    ],
    "values": [
      0.8700621698943662,
      2.7752481141187353
    ]
  },
  "return_std": {
    "steps": [
      60,
      10068
    ],
    "timestamps": [
      "2023-11-28T17:02:19.970208",
      "2023-11-28T17:07:30.780518"
    ],
    "values": [
      0.0,
      1.0126619969108748
    ]
  },
  "rew_pred_loss": {
    "steps": [
      2846,
      12872
    ],
    "timestamps": [
      "2023-11-28T17:04:34.503027",
      "2023-11-28T17:08:40.818070"
    ],
    "values": [
      0.0982009693980217,
      0.022523866966366768
    ]
  },
  "rl_loss": {
    "steps": [
      2846,
      12872
    ],
    "timestamps": [
      "2023-11-28T17:04:35.608595",
      "2023-11-28T17:08:41.701458"
    ],
    "values": [
      1.6782549619674683,
      0.7381361126899719
    ]
  },
  "target_mean": {
    "steps": [
      2846,
      12872
    ],
    "timestamps": [
      "2023-11-28T17:04:35.609988",
      "2023-11-28T17:08:41.707280"
    ],
    "values": [
      0.05529395268990469,
      0.06783331008184523
    ]
  },
  "td_error_abs": {
    "steps": [
      2846,
      12872
    ],
    "timestamps": [
      "2023-11-28T17:04:35.609489",
      "2023-11-28T17:08:41.704301"
    ],
    "values": [
      0.44304514903043746,
      0.359324294474441
    ]
  },
  "test_battle_won_mean": {
    "steps": [
      60
    ],
    "timestamps": [
      "2023-11-28T17:04:04.515799"
    ],
    "values": [
      0.0
    ]
  },
  "test_dead_allies_mean": {
    "steps": [
      60
    ],
    "timestamps": [
      "2023-11-28T17:04:04.515877"
    ],
    "values": [
      3.47
    ]
  },
  "test_dead_enemies_mean": {
    "steps": [
      60
    ],
    "timestamps": [
      "2023-11-28T17:04:04.515715"
    ],
    "values": [
      0.0
    ]
  },
  "test_ep_length_mean": {
    "steps": [
      60
    ],
    "timestamps": [
      "2023-11-28T17:04:04.515953"
    ],
    "values": [
      108.39
    ]
  },
  "test_return_mean": {
    "steps": [
      60
    ],
    "timestamps": [
      "2023-11-28T17:04:04.514910"
    ],
    "values": [
      2.3297436179577433
    ]
  },
  "test_return_std": {
    "steps": [
      60
    ],
    "timestamps": [
      "2023-11-28T17:04:04.515609"
    ],
    "values": [
      1.094833601387008
    ]
  },
  "tot_loss": {
    "steps": [
      2846,
      12872
    ],
    "timestamps": [
      "2023-11-28T17:04:35.608734",
      "2023-11-28T17:08:41.701590"
    ],
    "values": [
      3.4267578125,
      0.844579815864563
    ]
  },
  "vae_loss": {
    "steps": [
      2846,
      12872
    ],
    "timestamps": [
      "2023-11-28T17:04:34.502843",
      "2023-11-28T17:08:40.817899"
    ],
    "values": [
      0.1647547036409378,
      0.08042468875646591
    ]
  }
}