{
  "battle_won_mean": {
    "steps": [
      50
    ],
    "timestamps": [
      "2023-12-19T04:11:19.940484"
    ],
    "values": [
      0.0
    ]
  },
  "dead_allies_mean": {
    "steps": [
      50
    ],
    "timestamps": [
      "2023-12-19T04:11:19.940502"
    ],
    "values": [
      0.0
    ]
  },
  "dead_enemies_mean": {
    "steps": [
      50
    ],
    "timestamps": [
      "2023-12-19T04:11:19.940461"
    ],
    "values": [
      0.0
    ]
  },
  "ep_length_mean": {
    "steps": [
      50
    ],
    "timestamps": [
      "2023-12-19T04:11:19.940519"
    ],
    "values": [
      50.0
    ]
  },
  "epsilon": {
    "steps": [
      50
    ],
    "timestamps": [
      "2023-12-19T04:11:19.940534"
    ],
    "values": [
      1.0
    ]
  },
  "return_mean": {
    "steps": [
      50
    ],
    "timestamps": [
      "2023-12-19T04:11:19.940279"
    ],
    "values": [
      0.0
    ]
  },
  "return_std": {
    "steps": [
      50
    ],
    "timestamps": [
      "2023-12-19T04:11:19.940418"
    ],
    "values": [
      0.0
    ]
  }
}