{
  "artifacts": [],
  "command": "my_main",
  "experiment": {
    "base_dir": "/home/hp/masia/DGI2C/src",
    "dependencies": [
      "numpy==1.24.4",
      "PyYAML==5.4.1",
      "sacred==0.8.4",
      "torch==2.1.0+cu118"
    ],
    "mainfile": "main.py",
    "name": "pymarl",
    "repositories": [
      {
        "commit": "44c3397b2a61613c23e2a31f9bb1b18db696dc86",
        "dirty": true,
        "url": "git://home/hp/masia/DGI2C"
      },
      {
        "commit": "44c3397b2a61613c23e2a31f9bb1b18db696dc86",
        "dirty": true,
        "url": "git://home/hp/masia/DGI2C"
      },
      {
        "commit": "44c3397b2a61613c23e2a31f9bb1b18db696dc86",
        "dirty": true,
        "url": "git://home/hp/masia/DGI2C"
      },
      {
        "commit": "44c3397b2a61613c23e2a31f9bb1b18db696dc86",
        "dirty": true,
        "url": "git://home/hp/masia/DGI2C"
      }
    ],
    "sources": [
      [
        "main.py",
        "_sources/main_93a0df508197022a31d344269bf9943d.py"
      ],
      [
        "msra_run.py",
        "_sources/msra_run_d7629f0fd5e1e187bb23eed932be4a81.py"
      ],
      [
        "run.py",
        "_sources/run_27069466f34d7c1a52b5ed2564fe473d.py"
      ],
      [
        "utils/logging.py",
        "_sources/logging_8309e899ab76a4e610428ba7ee8d8acb.py"
      ]
    ]
  },
  "heartbeat": "2023-12-19T04:11:21.464369",
  "host": {
    "ENV": {},
    "cpu": "AMD Ryzen 9 7945HX with Radeon Graphics",
    "gpus": {
      "driver_version": "536.45",
      "gpus": [
        {
          "model": "NVIDIA GeForce RTX 4080 Laptop GPU",
          "persistence_mode": true,
          "total_memory": 12282
        }
      ]
    },
    "hostname": "Zenmaster",
    "os": [
      "Linux",
      "Linux-5.15.133.1-microsoft-standard-WSL2-x86_64-with-glibc2.17"
    ],
    "python_version": "3.8.18"
  },
  "meta": {
    "command": "my_main",
    "config_updates": {
      "env_args": {
        "map_name": "1o_10b_vs_1r"
      }
    },
    "named_configs": [],
    "options": {
      "--beat-interval": null,
      "--capture": null,
      "--comment": null,
      "--debug": false,
      "--enforce_clean": false,
      "--file_storage": null,
      "--force": false,
      "--help": false,
      "--id": null,
      "--loglevel": null,
      "--mongo_db": null,
      "--name": null,
      "--pdb": false,
      "--print-config": false,
      "--priority": null,
      "--queue": false,
      "--s3": null,
      "--sql": null,
      "--tiny_db": null,
      "--unobserved": false,
      "COMMAND": null,
      "UPDATE": [
        "env_args.map_name=1o_10b_vs_1r"
      ],
      "help": false,
      "with": true
    }
  },
  "resources": [],
  "result": null,
  "start_time": "2023-12-19T04:11:11.462112",
  "status": "RUNNING"
}