{
  "battle_won_mean": [
    0.0
  ],
  "battle_won_mean_T": [
    6
  ],
  "ep_length_mean": [
    6.0
  ],
  "ep_length_mean_T": [
    6
  ],
  "epsilon": [
    1.0
  ],
  "epsilon_T": [
    6
  ],
  "grad_norm": [
    26358.0703125
  ],
  "grad_norm_T": [
    260
  ],
  "inverse_model_loss": [
    10.069820404052734
  ],
  "inverse_model_loss_T": [
    260
  ],
  "model_loss": [
    4.324012756347656
  ],
  "model_loss_T": [
    260
  ],
  "q_taken_mean": [
    6.177801231971154
  ],
  "q_taken_mean_T": [
    260
  ],
  "repr_loss": [
    58.74732971191406
  ],
  "repr_loss_T": [
    260
  ],
  "return_mean": [
    {
      "dtype": "float64",
      "py/object": "numpy.float64",
      "value": 0.0
    }
  ],
  "return_mean_T": [
    6
  ],
  "return_std": [
    {
      "dtype": "float64",
      "py/object": "numpy.float64",
      "value": 0.0
    }
  ],
  "return_std_T": [
    6
  ],
  "rew_pred_loss": [
    0.05529071390628815
  ],
  "rew_pred_loss_T": [
    260
  ],
  "rl_loss": [
    1309.8876953125
  ],
  "rl_loss_T": [
    260
  ],
  "target_mean": [
    10.479008413461539
  ],
  "target_mean_T": [
    260
  ],
  "td_error_abs": [
    28.48839393028846
  ],
  "td_error_abs_T": [
    260
  ],
  "test_battle_won_mean": [
    0.0
  ],
  "test_battle_won_mean_T": [
    6
  ],
  "test_ep_length_mean": [
    16.29
  ],
  "test_ep_length_mean_T": [
    6
  ],
  "test_return_mean": [
    {
      "dtype": "float64",
      "py/object": "numpy.float64",
      "value": 0.0
    }
  ],
  "test_return_mean_T": [
    6
  ],
  "test_return_std": [
    {
      "dtype": "float64",
      "py/object": "numpy.float64",
      "value": 0.0
    }
  ],
  "test_return_std_T": [
    6
  ],
  "tot_loss": [
    1368.635009765625
  ],
  "tot_loss_T": [
    260
  ],
  "vae_loss": [
    44.2982063293457
  ],
  "vae_loss_T": [
    260
  ]
}