{
  "battle_won_mean": [
    0.0
  ],
  "battle_won_mean_T": [
    3
  ],
  "ep_length_mean": [
    3.0
  ],
  "ep_length_mean_T": [
    3
  ],
  "epsilon": [
    1.0
  ],
  "epsilon_T": [
    3
  ],
  "grad_norm": [
    667.7303466796875
  ],
  "grad_norm_T": [
    311
  ],
  "inverse_model_loss": [
    14.042104721069336
  ],
  "inverse_model_loss_T": [
    311
  ],
  "model_loss": [
    1.8592833280563354
  ],
  "model_loss_T": [
    311
  ],
  "q_taken_mean": [
    -0.21736536827665653
  ],
  "q_taken_mean_T": [
    311
  ],
  "repr_loss": [
    25.283138275146484
  ],
  "repr_loss_T": [
    311
  ],
  "return_mean": [
    {
      "dtype": "float64",
      "py/object": "numpy.float64",
      "value": 0.0
    }
  ],
  "return_mean_T": [
    3
  ],
  "return_std": [
    {
      "dtype": "float64",
      "py/object": "numpy.float64",
      "value": 0.0
    }
  ],
  "return_std_T": [
    3
  ],
  "rew_pred_loss": [
    0.03485023230314255
  ],
  "rew_pred_loss_T": [
    311
  ],
  "rl_loss": [
    22.028907775878906
  ],
  "rl_loss_T": [
    311
  ],
  "target_mean": [
    0.3650643625114837
  ],
  "target_mean_T": [
    311
  ],
  "td_error_abs": [
    4.205761090735531
  ],
  "td_error_abs_T": [
    311
  ],
  "test_battle_won_mean": [
    0.0
  ],
  "test_battle_won_mean_T": [
    3
  ],
  "test_ep_length_mean": [
    2.45
  ],
  "test_ep_length_mean_T": [
    3
  ],
  "test_return_mean": [
    {
      "dtype": "float64",
      "py/object": "numpy.float64",
      "value": 0.02
    }
  ],
  "test_return_mean_T": [
    3
  ],
  "test_return_std": [
    {
      "dtype": "float64",
      "py/object": "numpy.float64",
      "value": 0.13999999999999999
    }
  ],
  "test_return_std_T": [
    3
  ],
  "test_win_group_mean": [
    0.02
  ],
  "test_win_group_mean_T": [
    3
  ],
  "tot_loss": [
    47.31204605102539
  ],
  "tot_loss_T": [
    311
  ],
  "vae_loss": [
    9.346900939941406
  ],
  "vae_loss_T": [
    311
  ],
  "win_group_mean": [
    0.0
  ],
  "win_group_mean_T": [
    3
  ]
}