{
  "artifacts": [],
  "command": "my_main",
  "experiment": {
    "base_dir": "/home/hp/masia/masia/src",
    "dependencies": [
      "numpy==1.24.4",
      "PyYAML==5.4.1",
      "sacred==0.8.4",
      "torch==2.1.0+cu118"
    ],
    "mainfile": "main.py",
    "name": "pymarl",
    "repositories": [
      {
        "commit": "f6e23bce37ea00df8d4b568d4de043fccfdacdab",
        "dirty": true,
        "url": "https://github.com/chenf-ai/Multi-Agent-Communication-Considering-Representation-Learning.git"
      },
      {
        "commit": "f6e23bce37ea00df8d4b568d4de043fccfdacdab",
        "dirty": true,
        "url": "https://github.com/chenf-ai/Multi-Agent-Communication-Considering-Representation-Learning.git"
      },
      {
        "commit": "f6e23bce37ea00df8d4b568d4de043fccfdacdab",
        "dirty": true,
        "url": "https://github.com/chenf-ai/Multi-Agent-Communication-Considering-Representation-Learning.git"
      },
      {
        "commit": "f6e23bce37ea00df8d4b568d4de043fccfdacdab",
        "dirty": true,
        "url": "https://github.com/chenf-ai/Multi-Agent-Communication-Considering-Representation-Learning.git"
      }
    ],
    "sources": [
      [
        "main.py",
        "_sources/main_543746f93e4154385cf2b5624dad0b7e.py"
      ],
      [
        "msra_run.py",
        "_sources/msra_run_38297b6b7973b90ec2fc159b92f9971f.py"
      ],
      [
        "run.py",
        "_sources/run_0a98792e111bf864becce80676f535b9.py"
      ],
      [
        "utils/logging.py",
        "_sources/logging_8309e899ab76a4e610428ba7ee8d8acb.py"
      ]
    ]
  },
  "fail_trace": [
    "Traceback (most recent call last):\n",
    "  File \"/home/hp/anaconda3/envs/masia/lib/python3.8/site-packages/sacred/config/captured_function.py\", line 42, in captured_function\n    result = wrapped(*args, **kwargs)\n",
    "  File \"src/main.py\", line 40, in my_main\n    msra_run(_run, config, _log)\n",
    "  File \"/home/hp/masia/masia/src/msra_run.py\", line 130, in msra_run\n    run_sequential(args=args, logger=logger)\n",
    "  File \"/home/hp/masia/masia/src/msra_run.py\", line 306, in run_sequential\n    episode_batch = runner.run(test_mode=False)\n",
    "  File \"/home/hp/masia/masia/src/runners/episode_runner.py\", line 70, in run\n    actions = self.mac.select_actions(self.batch, t_ep=self.t, t_env=self.t_env, test_mode=test_mode)\n",
    "  File \"/home/hp/masia/masia/src/controllers/masia_controller.py\", line 23, in select_actions\n    agent_outputs = self.forward(ep_batch, t_ep, test_mode=test_mode)\n",
    "  File \"/home/hp/masia/masia/src/controllers/masia_controller.py\", line 30, in forward\n    agent_outs, self.hidden_states, self.encoder_hidden_states = self.agent(agent_inputs, self.hidden_states, self.encoder_hidden_states)\n",
    "  File \"/home/hp/anaconda3/envs/masia/lib/python3.8/site-packages/torch/nn/modules/module.py\", line 1518, in _wrapped_call_impl\n    return self._call_impl(*args, **kwargs)\n",
    "  File \"/home/hp/anaconda3/envs/masia/lib/python3.8/site-packages/torch/nn/modules/module.py\", line 1527, in _call_impl\n    return forward_call(*args, **kwargs)\n",
    "  File \"/home/hp/masia/masia/src/modules/agents/masia_agent.py\", line 108, in forward\n    indices_matrix= th.arange(0,inputs.shape(0)).reshape(bs,self.args.n_agents)\n",
    "TypeError: 'torch.Size' object is not callable\n"
  ],
  "heartbeat": "2023-10-22T17:16:34.116259",
  "host": {
    "ENV": {},
    "cpu": "AMD Ryzen 9 7945HX with Radeon Graphics",
    "gpus": {
      "driver_version": "536.45",
      "gpus": [
        {
          "model": "NVIDIA GeForce RTX 4080 Laptop GPU",
          "persistence_mode": true,
          "total_memory": 12282
        }
      ]
    },
    "hostname": "Zenmaster",
    "os": [
      "Linux",
      "Linux-5.10.16.3-microsoft-standard-WSL2-x86_64-with-glibc2.17"
    ],
    "python_version": "3.8.18"
  },
  "meta": {
    "command": "my_main",
    "config_updates": {},
    "named_configs": [],
    "options": {
      "--beat-interval": null,
      "--capture": null,
      "--comment": null,
      "--debug": false,
      "--enforce_clean": false,
      "--file_storage": null,
      "--force": false,
      "--help": false,
      "--id": null,
      "--loglevel": null,
      "--mongo_db": null,
      "--name": null,
      "--pdb": false,
      "--print-config": false,
      "--priority": null,
      "--queue": false,
      "--s3": null,
      "--sql": null,
      "--tiny_db": null,
      "--unobserved": false,
      "COMMAND": null,
      "UPDATE": [],
      "help": false,
      "with": false
    }
  },
  "resources": [],
  "result": null,
  "start_time": "2023-10-22T17:16:32.681987",
  "status": "FAILED",
  "stop_time": "2023-10-22T17:16:34.116932"
}