{
  "battle_won_mean": [
    0.0
  ],
  "battle_won_mean_T": [
    72
  ],
  "dead_allies_mean": [
    5.0
  ],
  "dead_allies_mean_T": [
    72
  ],
  "dead_enemies_mean": [
    0.0
  ],
  "dead_enemies_mean_T": [
    72
  ],
  "ep_length_mean": [
    72.0
  ],
  "ep_length_mean_T": [
    72
  ],
  "epsilon": [
    1.0
  ],
  "epsilon_T": [
    72
  ],
  "grad_norm": [
    5.787726402282715
  ],
  "grad_norm_T": [
    2792
  ],
  "model_loss": [
    1.626121163368225
  ],
  "model_loss_T": [
    2792
  ],
  "q_taken_mean": [
    -0.013766541795266051
  ],
  "q_taken_mean_T": [
    2792
  ],
  "repr_loss": [
    1.8112342357635498
  ],
  "repr_loss_T": [
    2792
  ],
  "return_mean": [
    {
      "dtype": "float64",
      "py/object": "numpy.float64",
      "value": 2.744622029049293
    }
  ],
  "return_mean_T": [
    72
  ],
  "return_std": [
    {
      "dtype": "float64",
      "py/object": "numpy.float64",
      "value": 0.0
    }
  ],
  "return_std_T": [
    72
  ],
  "rew_pred_loss": [
    0.034862205386161804
  ],
  "rew_pred_loss_T": [
    2792
  ],
  "rl_loss": [
    1.8104331493377686
  ],
  "rl_loss_T": [
    2792
  ],
  "target_mean": [
    0.03655067596872762
  ],
  "target_mean_T": [
    2792
  ],
  "td_error_abs": [
    0.4816963611154638
  ],
  "td_error_abs_T": [
    2792
  ],
  "test_battle_won_mean": [
    0.0
  ],
  "test_battle_won_mean_T": [
    72
  ],
  "test_dead_allies_mean": [
    3.82
  ],
  "test_dead_allies_mean_T": [
    72
  ],
  "test_dead_enemies_mean": [
    0.0
  ],
  "test_dead_enemies_mean_T": [
    72
  ],
  "test_ep_length_mean": [
    83.67
  ],
  "test_ep_length_mean_T": [
    72
  ],
  "test_return_mean": [
    {
      "dtype": "float64",
      "py/object": "numpy.float64",
      "value": 0.0467148987676057
    }
  ],
  "test_return_mean_T": [
    72
  ],
  "test_return_std": [
    {
      "dtype": "float64",
      "py/object": "numpy.float64",
      "value": 0.24896338564988016
    }
  ],
  "test_return_std_T": [
    72
  ],
  "tot_loss": [
    3.6216673851013184
  ],
  "tot_loss_T": [
    2792
  ],
  "vae_loss": [
    0.15025092661380768
  ],
  "vae_loss_T": [
    2792
  ]
}