{
  "battle_won_mean": {
    "steps": [
      72
    ],
    "timestamps": [
      "2023-11-28T17:13:45.308380"
    ],
    "values": [
      0.0
    ]
  },
  "dead_allies_mean": {
    "steps": [
      72
    ],
    "timestamps": [
      "2023-11-28T17:13:45.308217"
    ],
    "values": [
      5.0
    ]
  },
  "dead_enemies_mean": {
    "steps": [
      72
    ],
    "timestamps": [
      "2023-11-28T17:13:45.308302"
    ],
    "values": [
      0.0
    ]
  },
  "ep_length_mean": {
    "steps": [
      72
    ],
    "timestamps": [
      "2023-11-28T17:13:45.308454"
    ],
    "values": [
      72.0
    ]
  },
  "epsilon": {
    "steps": [
      72
    ],
    "timestamps": [
      "2023-11-28T17:13:45.308541"
    ],
    "values": [
      1.0
    ]
  },
  "grad_norm": {
    "steps": [
      2792
    ],
    "timestamps": [
      "2023-11-28T17:16:01.639965"
    ],
    "values": [
      5.787726402282715
    ]
  },
  "model_loss": {
    "steps": [
      2792
    ],
    "timestamps": [
      "2023-11-28T17:16:00.495149"
    ],
    "values": [
      1.626121163368225
    ]
  },
  "q_taken_mean": {
    "steps": [
      2792
    ],
    "timestamps": [
      "2023-11-28T17:16:01.640681"
    ],
    "values": [
      -0.013766541795266051
    ]
  },
  "repr_loss": {
    "steps": [
      2792
    ],
    "timestamps": [
      "2023-11-28T17:16:00.494881"
    ],
    "values": [
      1.8112342357635498
    ]
  },
  "return_mean": {
    "steps": [
      72
    ],
    "timestamps": [
      "2023-11-28T17:13:45.303539"
    ],
    "values": [
      2.744622029049293
    ]
  },
  "return_std": {
    "steps": [
      72
    ],
    "timestamps": [
      "2023-11-28T17:13:45.308095"
    ],
    "values": [
      0.0
    ]
  },
  "rew_pred_loss": {
    "steps": [
      2792
    ],
    "timestamps": [
      "2023-11-28T17:16:00.495240"
    ],
    "values": [
      0.034862205386161804
    ]
  },
  "rl_loss": {
    "steps": [
      2792
    ],
    "timestamps": [
      "2023-11-28T17:16:01.639734"
    ],
    "values": [
      1.8104331493377686
    ]
  },
  "target_mean": {
    "steps": [
      2792
    ],
    "timestamps": [
      "2023-11-28T17:16:01.640848"
    ],
    "values": [
      0.03655067596872762
    ]
  },
  "td_error_abs": {
    "steps": [
      2792
    ],
    "timestamps": [
      "2023-11-28T17:16:01.640472"
    ],
    "values": [
      0.4816963611154638
    ]
  },
  "test_battle_won_mean": {
    "steps": [
      72
    ],
    "timestamps": [
      "2023-11-28T17:15:26.673371"
    ],
    "values": [
      0.0
    ]
  },
  "test_dead_allies_mean": {
    "steps": [
      72
    ],
    "timestamps": [
      "2023-11-28T17:15:26.673214"
    ],
    "values": [
      3.82
    ]
  },
  "test_dead_enemies_mean": {
    "steps": [
      72
    ],
    "timestamps": [
      "2023-11-28T17:15:26.673296"
    ],
    "values": [
      0.0
    ]
  },
  "test_ep_length_mean": {
    "steps": [
      72
    ],
    "timestamps": [
      "2023-11-28T17:15:26.673447"
    ],
    "values": [
      83.67
    ]
  },
  "test_return_mean": {
    "steps": [
      72
    ],
    "timestamps": [
      "2023-11-28T17:15:26.672737"
    ],
    "values": [
      0.0467148987676057
    ]
  },
  "test_return_std": {
    "steps": [
      72
    ],
    "timestamps": [
      "2023-11-28T17:15:26.673110"
    ],
    "values": [
      0.24896338564988016
    ]
  },
  "tot_loss": {
    "steps": [
      2792
    ],
    "timestamps": [
      "2023-11-28T17:16:01.639879"
    ],
    "values": [
      3.6216673851013184
    ]
  },
  "vae_loss": {
    "steps": [
      2792
    ],
    "timestamps": [
      "2023-11-28T17:16:00.495049"
    ],
    "values": [
      0.15025092661380768
    ]
  }
}