{
  "battle_won_mean": [
    0.0
  ],
  "battle_won_mean_T": [
    18
  ],
  "ep_length_mean": [
    18.0
  ],
  "ep_length_mean_T": [
    18
  ],
  "epsilon": [
    1.0
  ],
  "epsilon_T": [
    18
  ],
  "grad_norm": [
    17493.001953125
  ],
  "grad_norm_T": [
    313
  ],
  "inverse_model_loss": [
    10.004683494567871
  ],
  "inverse_model_loss_T": [
    313
  ],
  "model_loss": [
    2.9603018760681152
  ],
  "model_loss_T": [
    313
  ],
  "q_taken_mean": [
    12.42400409345048
  ],
  "q_taken_mean_T": [
    313
  ],
  "repr_loss": [
    55.627010345458984
  ],
  "repr_loss_T": [
    313
  ],
  "return_mean": [
    {
      "dtype": "float64",
      "py/object": "numpy.float64",
      "value": 0.0
    }
  ],
  "return_mean_T": [
    18
  ],
  "return_std": [
    {
      "dtype": "float64",
      "py/object": "numpy.float64",
      "value": 0.0
    }
  ],
  "return_std_T": [
    18
  ],
  "rew_pred_loss": [
    0.01256470289081335
  ],
  "rew_pred_loss_T": [
    313
  ],
  "rl_loss": [
    1106.8304443359375
  ],
  "rl_loss_T": [
    313
  ],
  "target_mean": [
    14.617232428115017
  ],
  "target_mean_T": [
    313
  ],
  "td_error_abs": [
    23.558085188698083
  ],
  "td_error_abs_T": [
    313
  ],
  "test_battle_won_mean": [
    0.0
  ],
  "test_battle_won_mean_T": [
    18
  ],
  "test_ep_length_mean": [
    1.78
  ],
  "test_ep_length_mean_T": [
    18
  ],
  "test_return_mean": [
    {
      "dtype": "float64",
      "py/object": "numpy.float64",
      "value": 0.0
    }
  ],
  "test_return_mean_T": [
    18
  ],
  "test_return_std": [
    {
      "dtype": "float64",
      "py/object": "numpy.float64",
      "value": 0.0
    }
  ],
  "test_return_std_T": [
    18
  ],
  "tot_loss": [
    1162.4573974609375
  ],
  "tot_loss_T": [
    313
  ],
  "vae_loss": [
    42.64945983886719
  ],
  "vae_loss_T": [
    313
  ]
}