{
  "battle_won_mean": {
    "steps": [
      18
    ],
    "timestamps": [
      "2023-12-07T19:34:52.571861"
    ],
    "values": [
      0.0
    ]
  },
  "ep_length_mean": {
    "steps": [
      18
    ],
    "timestamps": [
      "2023-12-07T19:34:52.571916"
    ],
    "values": [
      18.0
    ]
  },
  "epsilon": {
    "steps": [
      18
    ],
    "timestamps": [
      "2023-12-07T19:34:52.571973"
    ],
    "values": [
      1.0
    ]
  },
  "grad_norm": {
    "steps": [
      313
    ],
    "timestamps": [
      "2023-12-07T19:34:59.813340"
    ],
    "values": [
      17493.001953125
    ]
  },
  "inverse_model_loss": {
    "steps": [
      313
    ],
    "timestamps": [
      "2023-12-07T19:34:59.421591"
    ],
    "values": [
      10.004683494567871
    ]
  },
  "model_loss": {
    "steps": [
      313
    ],
    "timestamps": [
      "2023-12-07T19:34:59.421414"
    ],
    "values": [
      2.9603018760681152
    ]
  },
  "q_taken_mean": {
    "steps": [
      313
    ],
    "timestamps": [
      "2023-12-07T19:34:59.814706"
    ],
    "values": [
      12.42400409345048
    ]
  },
  "repr_loss": {
    "steps": [
      313
    ],
    "timestamps": [
      "2023-12-07T19:34:59.421133"
    ],
    "values": [
      55.627010345458984
    ]
  },
  "return_mean": {
    "steps": [
      18
    ],
    "timestamps": [
      "2023-12-07T19:34:52.571538"
    ],
    "values": [
      0.0
    ]
  },
  "return_std": {
    "steps": [
      18
    ],
    "timestamps": [
      "2023-12-07T19:34:52.571791"
    ],
    "values": [
      0.0
    ]
  },
  "rew_pred_loss": {
    "steps": [
      313
    ],
    "timestamps": [
      "2023-12-07T19:34:59.421504"
    ],
    "values": [
      0.01256470289081335
    ]
  },
  "rl_loss": {
    "steps": [
      313
    ],
    "timestamps": [
      "2023-12-07T19:34:59.813113"
    ],
    "values": [
      1106.8304443359375
    ]
  },
  "target_mean": {
    "steps": [
      313
    ],
    "timestamps": [
      "2023-12-07T19:34:59.815161"
    ],
    "values": [
      14.617232428115017
    ]
  },
  "td_error_abs": {
    "steps": [
      313
    ],
    "timestamps": [
      "2023-12-07T19:34:59.814301"
    ],
    "values": [
      23.558085188698083
    ]
  },
  "test_battle_won_mean": {
    "steps": [
      18
    ],
    "timestamps": [
      "2023-12-07T19:34:55.326156"
    ],
    "values": [
      0.0
    ]
  },
  "test_ep_length_mean": {
    "steps": [
      18
    ],
    "timestamps": [
      "2023-12-07T19:34:55.326233"
    ],
    "values": [
      1.78
    ]
  },
  "test_return_mean": {
    "steps": [
      18
    ],
    "timestamps": [
      "2023-12-07T19:34:55.325829"
    ],
    "values": [
      0.0
    ]
  },
  "test_return_std": {
    "steps": [
      18
    ],
    "timestamps": [
      "2023-12-07T19:34:55.326075"
    ],
    "values": [
      0.0
    ]
  },
  "tot_loss": {
    "steps": [
      313
    ],
    "timestamps": [
      "2023-12-07T19:34:59.813247"
    ],
    "values": [
      1162.4573974609375
    ]
  },
  "vae_loss": {
    "steps": [
      313
    ],
    "timestamps": [
      "2023-12-07T19:34:59.421314"
    ],
    "values": [
      42.64945983886719
    ]
  }
}