{
  "battle_won_mean": [
    0.0
  ],
  "battle_won_mean_T": [
    40
  ],
  "ep_length_mean": [
    40.0
  ],
  "ep_length_mean_T": [
    40
  ],
  "epsilon": [
    1.0
  ],
  "epsilon_T": [
    40
  ],
  "grad_norm": [
    30.3780517578125
  ],
  "grad_norm_T": [
    1280
  ],
  "model_loss": [
    1.498853087425232
  ],
  "model_loss_T": [
    1280
  ],
  "q_taken_mean": [
    0.0005185354501008987
  ],
  "q_taken_mean_T": [
    1280
  ],
  "repr_loss": [
    255.2387237548828
  ],
  "repr_loss_T": [
    1280
  ],
  "return_mean": [
    {
      "dtype": "float64",
      "py/object": "numpy.float64",
      "value": -48.080000000000005
    }
  ],
  "return_mean_T": [
    40
  ],
  "return_std": [
    {
      "dtype": "float64",
      "py/object": "numpy.float64",
      "value": 0.0
    }
  ],
  "return_std_T": [
    40
  ],
  "rew_pred_loss": [
    253.7137908935547
  ],
  "rew_pred_loss_T": [
    1280
  ],
  "rl_loss": [
    1.0014642477035522
  ],
  "rl_loss_T": [
    1280
  ],
  "target_mean": [
    0.006769835352897644
  ],
  "target_mean_T": [
    1280
  ],
  "td_error_abs": [
    0.731955099105835
  ],
  "td_error_abs_T": [
    1280
  ],
  "test_battle_won_mean": [
    0.625
  ],
  "test_battle_won_mean_T": [
    40
  ],
  "test_ep_length_mean": [
    40.0
  ],
  "test_ep_length_mean_T": [
    40
  ],
  "test_return_mean": [
    {
      "dtype": "float64",
      "py/object": "numpy.float64",
      "value": -40.71625
    }
  ],
  "test_return_mean_T": [
    40
  ],
  "test_return_std": [
    {
      "dtype": "float64",
      "py/object": "numpy.float64",
      "value": 58.43423314665386
    }
  ],
  "test_return_std_T": [
    40
  ],
  "tot_loss": [
    256.24017333984375
  ],
  "tot_loss_T": [
    1280
  ],
  "vae_loss": [
    0.02608632482588291
  ],
  "vae_loss_T": [
    1280
  ]
}