{
  "battle_won_mean": {
    "steps": [
      40
    ],
    "timestamps": [
      "2023-10-24T09:25:59.883338"
    ],
    "values": [
      0.0
    ]
  },
  "ep_length_mean": {
    "steps": [
      40
    ],
    "timestamps": [
      "2023-10-24T09:25:59.883376"
    ],
    "values": [
      40.0
    ]
  },
  "epsilon": {
    "steps": [
      40
    ],
    "timestamps": [
      "2023-10-24T09:25:59.883406"
    ],
    "values": [
      1.0
    ]
  },
  "grad_norm": {
    "steps": [
      1280
    ],
    "timestamps": [
      "2023-10-24T09:26:08.117388"
    ],
    "values": [
      30.3780517578125
    ]
  },
  "model_loss": {
    "steps": [
      1280
    ],
    "timestamps": [
      "2023-10-24T09:26:07.908259"
    ],
    "values": [
      1.498853087425232
    ]
  },
  "q_taken_mean": {
    "steps": [
      1280
    ],
    "timestamps": [
      "2023-10-24T09:26:08.117762"
    ],
    "values": [
      0.0005185354501008987
    ]
  },
  "repr_loss": {
    "steps": [
      1280
    ],
    "timestamps": [
      "2023-10-24T09:26:07.907980"
    ],
    "values": [
      255.2387237548828
    ]
  },
  "return_mean": {
    "steps": [
      40
    ],
    "timestamps": [
      "2023-10-24T09:25:59.883156"
    ],
    "values": [
      -48.080000000000005
    ]
  },
  "return_std": {
    "steps": [
      40
    ],
    "timestamps": [
      "2023-10-24T09:25:59.883310"
    ],
    "values": [
      0.0
    ]
  },
  "rew_pred_loss": {
    "steps": [
      1280
    ],
    "timestamps": [
      "2023-10-24T09:26:07.908348"
    ],
    "values": [
      253.7137908935547
    ]
  },
  "rl_loss": {
    "steps": [
      1280
    ],
    "timestamps": [
      "2023-10-24T09:26:08.117202"
    ],
    "values": [
      1.0014642477035522
    ]
  },
  "target_mean": {
    "steps": [
      1280
    ],
    "timestamps": [
      "2023-10-24T09:26:08.117885"
    ],
    "values": [
      0.006769835352897644
    ]
  },
  "td_error_abs": {
    "steps": [
      1280
    ],
    "timestamps": [
      "2023-10-24T09:26:08.117639"
    ],
    "values": [
      0.731955099105835
    ]
  },
  "test_battle_won_mean": {
    "steps": [
      40
    ],
    "timestamps": [
      "2023-10-24T09:26:04.266833"
    ],
    "values": [
      0.625
    ]
  },
  "test_ep_length_mean": {
    "steps": [
      40
    ],
    "timestamps": [
      "2023-10-24T09:26:04.266853"
    ],
    "values": [
      40.0
    ]
  },
  "test_return_mean": {
    "steps": [
      40
    ],
    "timestamps": [
      "2023-10-24T09:26:04.266669"
    ],
    "values": [
      -40.71625
    ]
  },
  "test_return_std": {
    "steps": [
      40
    ],
    "timestamps": [
      "2023-10-24T09:26:04.266805"
    ],
    "values": [
      58.43423314665386
    ]
  },
  "tot_loss": {
    "steps": [
      1280
    ],
    "timestamps": [
      "2023-10-24T09:26:08.117321"
    ],
    "values": [
      256.24017333984375
    ]
  },
  "vae_loss": {
    "steps": [
      1280
    ],
    "timestamps": [
      "2023-10-24T09:26:07.908141"
    ],
    "values": [
      0.02608632482588291
    ]
  }
}