{
  "battle_won_mean": [
    0.0
  ],
  "battle_won_mean_T": [
    60
  ],
  "dead_allies_mean": [
    5.0
  ],
  "dead_allies_mean_T": [
    60
  ],
  "dead_enemies_mean": [
    0.0
  ],
  "dead_enemies_mean_T": [
    60
  ],
  "ep_length_mean": [
    60.0
  ],
  "ep_length_mean_T": [
    60
  ],
  "epsilon": [
    1.0
  ],
  "epsilon_T": [
    60
  ],
  "grad_norm": [
    6.458649635314941
  ],
  "grad_norm_T": [
    1687
  ],
  "model_loss": [
    1.5588966608047485
  ],
  "model_loss_T": [
    1687
  ],
  "q_taken_mean": [
    -0.04622066839248666
  ],
  "q_taken_mean_T": [
    1687
  ],
  "repr_loss": [
    1.999695897102356
  ],
  "repr_loss_T": [
    1687
  ],
  "return_mean": [
    {
      "dtype": "float64",
      "py/object": "numpy.float64",
      "value": 2.100490196078431
    }
  ],
  "return_mean_T": [
    60
  ],
  "return_std": [
    {
      "dtype": "float64",
      "py/object": "numpy.float64",
      "value": 0.0
    }
  ],
  "return_std_T": [
    60
  ],
  "rew_pred_loss": [
    0.20648548007011414
  ],
  "rew_pred_loss_T": [
    1687
  ],
  "rl_loss": [
    1.2907134294509888
  ],
  "rl_loss_T": [
    1687
  ],
  "target_mean": [
    0.00608052432925728
  ],
  "target_mean_T": [
    1687
  ],
  "td_error_abs": [
    0.6913885943057202
  ],
  "td_error_abs_T": [
    1687
  ],
  "test_battle_won_mean": [
    0.0
  ],
  "test_battle_won_mean_T": [
    60
  ],
  "test_dead_allies_mean": [
    5.0
  ],
  "test_dead_allies_mean_T": [
    60
  ],
  "test_dead_enemies_mean": [
    1.14
  ],
  "test_dead_enemies_mean_T": [
    60
  ],
  "test_ep_length_mean": [
    71.99
  ],
  "test_ep_length_mean_T": [
    60
  ],
  "test_return_mean": [
    {
      "dtype": "float64",
      "py/object": "numpy.float64",
      "value": 4.384289215686274
    }
  ],
  "test_return_mean_T": [
    60
  ],
  "test_return_std": [
    {
      "dtype": "float64",
      "py/object": "numpy.float64",
      "value": 2.292662185336869
    }
  ],
  "test_return_std_T": [
    60
  ],
  "tot_loss": [
    3.2904093265533447
  ],
  "tot_loss_T": [
    1687
  ],
  "vae_loss": [
    0.2343137413263321
  ],
  "vae_loss_T": [
    1687
  ]
}