{
  "battle_won_mean": {
    "steps": [
      60
    ],
    "timestamps": [
      "2023-10-24T19:18:45.323941"
    ],
    "values": [
      0.0
    ]
  },
  "dead_allies_mean": {
    "steps": [
      60
    ],
    "timestamps": [
      "2023-10-24T19:18:45.323976"
    ],
    "values": [
      5.0
    ]
  },
  "dead_enemies_mean": {
    "steps": [
      60
    ],
    "timestamps": [
      "2023-10-24T19:18:45.323959"
    ],
    "values": [
      0.0
    ]
  },
  "ep_length_mean": {
    "steps": [
      60
    ],
    "timestamps": [
      "2023-10-24T19:18:45.323994"
    ],
    "values": [
      60.0
    ]
  },
  "epsilon": {
    "steps": [
      60
    ],
    "timestamps": [
      "2023-10-24T19:18:45.324010"
    ],
    "values": [
      1.0
    ]
  },
  "grad_norm": {
    "steps": [
      1687
    ],
    "timestamps": [
      "2023-10-24T19:19:27.784925"
    ],
    "values": [
      6.458649635314941
    ]
  },
  "model_loss": {
    "steps": [
      1687
    ],
    "timestamps": [
      "2023-10-24T19:19:27.440306"
    ],
    "values": [
      1.5588966608047485
    ]
  },
  "q_taken_mean": {
    "steps": [
      1687
    ],
    "timestamps": [
      "2023-10-24T19:19:27.785239"
    ],
    "values": [
      -0.04622066839248666
    ]
  },
  "repr_loss": {
    "steps": [
      1687
    ],
    "timestamps": [
      "2023-10-24T19:19:27.440048"
    ],
    "values": [
      1.999695897102356
    ]
  },
  "return_mean": {
    "steps": [
      60
    ],
    "timestamps": [
      "2023-10-24T19:18:45.323765"
    ],
    "values": [
      2.100490196078431
    ]
  },
  "return_std": {
    "steps": [
      60
    ],
    "timestamps": [
      "2023-10-24T19:18:45.323915"
    ],
    "values": [
      0.0
    ]
  },
  "rew_pred_loss": {
    "steps": [
      1687
    ],
    "timestamps": [
      "2023-10-24T19:19:27.440359"
    ],
    "values": [
      0.20648548007011414
    ]
  },
  "rl_loss": {
    "steps": [
      1687
    ],
    "timestamps": [
      "2023-10-24T19:19:27.784786"
    ],
    "values": [
      1.2907134294509888
    ]
  },
  "target_mean": {
    "steps": [
      1687
    ],
    "timestamps": [
      "2023-10-24T19:19:27.785334"
    ],
    "values": [
      0.00608052432925728
    ]
  },
  "td_error_abs": {
    "steps": [
      1687
    ],
    "timestamps": [
      "2023-10-24T19:19:27.785133"
    ],
    "values": [
      0.6913885943057202
    ]
  },
  "test_battle_won_mean": {
    "steps": [
      60
    ],
    "timestamps": [
      "2023-10-24T19:19:19.484379"
    ],
    "values": [
      0.0
    ]
  },
  "test_dead_allies_mean": {
    "steps": [
      60
    ],
    "timestamps": [
      "2023-10-24T19:19:19.484415"
    ],
    "values": [
      5.0
    ]
  },
  "test_dead_enemies_mean": {
    "steps": [
      60
    ],
    "timestamps": [
      "2023-10-24T19:19:19.484398"
    ],
    "values": [
      1.14
    ]
  },
  "test_ep_length_mean": {
    "steps": [
      60
    ],
    "timestamps": [
      "2023-10-24T19:19:19.484431"
    ],
    "values": [
      71.99
    ]
  },
  "test_return_mean": {
    "steps": [
      60
    ],
    "timestamps": [
      "2023-10-24T19:19:19.484249"
    ],
    "values": [
      4.384289215686274
    ]
  },
  "test_return_std": {
    "steps": [
      60
    ],
    "timestamps": [
      "2023-10-24T19:19:19.484354"
    ],
    "values": [
      2.292662185336869
    ]
  },
  "tot_loss": {
    "steps": [
      1687
    ],
    "timestamps": [
      "2023-10-24T19:19:27.784877"
    ],
    "values": [
      3.2904093265533447
    ]
  },
  "vae_loss": {
    "steps": [
      1687
    ],
    "timestamps": [
      "2023-10-24T19:19:27.440229"
    ],
    "values": [
      0.2343137413263321
    ]
  }
}