{
  "battle_won_mean": [
    0.0
  ],
  "battle_won_mean_T": [
    63
  ],
  "dead_allies_mean": [
    5.0
  ],
  "dead_allies_mean_T": [
    63
  ],
  "dead_enemies_mean": [
    0.0
  ],
  "dead_enemies_mean_T": [
    63
  ],
  "ep_length_mean": [
    63.0
  ],
  "ep_length_mean_T": [
    63
  ],
  "epsilon": [
    1.0
  ],
  "epsilon_T": [
    63
  ],
  "grad_norm": [
    6.264972686767578
  ],
  "grad_norm_T": [
    2782
  ],
  "model_loss": [
    1.7374850511550903
  ],
  "model_loss_T": [
    2782
  ],
  "q_taken_mean": [
    0.0500670991811197
  ],
  "q_taken_mean_T": [
    2782
  ],
  "repr_loss": [
    1.8873919248580933
  ],
  "repr_loss_T": [
    2782
  ],
  "return_mean": [
    {
      "dtype": "float64",
      "py/object": "numpy.float64",
      "value": 1.3573668573943682
    }
  ],
  "return_mean_T": [
    63
  ],
  "return_std": [
    {
      "dtype": "float64",
      "py/object": "numpy.float64",
      "value": 0.0
    }
  ],
  "return_std_T": [
    63
  ],
  "rew_pred_loss": [
    0.01658393070101738
  ],
  "rew_pred_loss_T": [
    2782
  ],
  "rl_loss": [
    1.7934060096740723
  ],
  "rl_loss_T": [
    2782
  ],
  "target_mean": [
    0.09535142033328091
  ],
  "target_mean_T": [
    2782
  ],
  "td_error_abs": [
    0.43500335057119427
  ],
  "td_error_abs_T": [
    2782
  ],
  "test_battle_won_mean": [
    0.0
  ],
  "test_battle_won_mean_T": [
    63
  ],
  "test_dead_allies_mean": [
    4.43
  ],
  "test_dead_allies_mean_T": [
    63
  ],
  "test_dead_enemies_mean": [
    0.0
  ],
  "test_dead_enemies_mean_T": [
    63
  ],
  "test_ep_length_mean": [
    59.35
  ],
  "test_ep_length_mean_T": [
    63
  ],
  "test_return_mean": [
    {
      "dtype": "float64",
      "py/object": "numpy.float64",
      "value": 0.0
    }
  ],
  "test_return_mean_T": [
    63
  ],
  "test_return_std": [
    {
      "dtype": "float64",
      "py/object": "numpy.float64",
      "value": 0.0
    }
  ],
  "test_return_std_T": [
    63
  ],
  "tot_loss": [
    3.680798053741455
  ],
  "tot_loss_T": [
    2782
  ],
  "vae_loss": [
    0.13332292437553406
  ],
  "vae_loss_T": [
    2782
  ]
}